"id","page","content","category","justification"
1,6,"<ins>さらに</ins><del>更に</del>、我が国の経済は1990年代以降長期停滞にあり、一人当たりGDPは２位",1,"「更に」から「さらに」への表記の統一（漢字→ひらがな）。"
2,6,"国際関係では、民主主義国家と非民主主義国家の分断、ロシアによるウクライナ侵略<ins>、ガザ地区におけるイスラエルの軍事行動</ins>など、地政学等に大きな転換をもたらしつつある事態が生じている。",6,"新たな事例追加により、内容が具体化され意味が変わったため。"
3,7,"認識させることとなった。自然に対する畏敬の念を持つ等、我が国の伝統的な自然観の下、自然との共生を目指すとともに、地球の健康と<ins>人</ins><del>人間</del>の健康とを一体的に捉える",6,"「人間」から「人」への変更は意味に影響を与えるため。"
4,7,"（スピードとスケール）の確保を図ること、また、海外の自然資本に大きく依存する我が国として「人類の福祉」への貢献が必要である。複合する危機に対応し、諸課題をカップリングして解決するため、諸政策の統合・シナジーが不可欠であり、この問題意識に基づき、具体的には第２部第２章において重点戦略を設定した。<ins>さらに</ins><del>更に</del>、「全員参加型」のパートナーシップの下、政府（国、地方公共団体等）、市場（企業等）、国民",1,"「更に」から「さらに」への表記の統一（漢字→ひらがな）。"
5,9,"国連気候変動枠組条約第28回締約国会議（<ins>以下「</ins>COP28<ins>」という。</ins>）における決定によれば、2015年に採択されたパリ協定に基づく各国の取組が完全に実施された場合、地球の平均気温の上昇は2.1～2.8℃の範囲になると予想されている。他方、国際的な目標となっている1.5℃の上昇に首尾良く抑えることができたとしても、広い意味では<sup>2</sup>2023年のような現状と比べて特異な状況<sup>3</sup>が常態化してしまうおそれがある<sup>4</sup>ことを念頭",3,"COP28の略称に対して正式名称を補完しているため。"
6,9,"<sup>2</sup><del>今年特有の気圧パターン等を背景とした個々の気象事例が再現されるという意味ではない。</del>",6,"文章全体が削除され、内容や意味が変わる変更であるため。"
7,9,"<sup>3</sup>2023年は世界各地で異常高温が発生し、各国の月平均気温や季節平均気温の記録更新が報告された。また、海洋温暖化の進行や氷河・氷床の融解により平均海面も上昇し、1993年以降最高値が観測された。さらに、気象災害も多く発生し、大雨やサイクロン等によりアフリカを中心に多数の死者を伴う被害が報じられたほか、カナダ、ハワイ、ギリシャなどで、それぞれ史上最大規模の森林火災が発生した。我が国においても、年平均気温は全国的に高く<del>（注：気象庁の最新データに基づき具体的数値を記述予定）</del>、5月から9月の全国の熱中症による救急搬送者数は91,467人（前年比＋20,438人、約1.3倍）となった。また、6月から7月中旬にかけての梅雨期には、各地で記録的な大雨が発生したが、この大雨に対してイベント・アトリ",3,"気象庁のデータに基づく具体的数値の記述予定を示す注釈だから。"
8,10,"我が国においても、2023年の年平均気温は1898年<ins>の統計開始</ins>以降で最も高く、1898年から2023年の間に100年当たり1.35℃の割合で上昇した。日本の年平均気温の上昇は世界平均よりも速く進行しており、真夏日や猛暑日、熱帯夜等の日数が増加していることが指摘されているほか、日本国内の大雨や短時間強雨の発生頻度も増加しており、各地で被害が発生している。加えて、高温による農作物の生育障害や品質低下が発生するなど、様々な地域、分野への気候変動の影響が既に発生している。2010年以降、熱中症による救急搬送者は年間４万人を超えているが、最も温暖化が進むシナリオ（RCP8.5シナリオ）では、その人数は3.2～13.5倍程度増加する予測結果を示す研究事例<sup>5</sup>もある。また、地球温暖化による異常気象の発生確率や強さの影響を定量的に評価するイベント・アトリビューションの手法によって、国内の異常高温や大雨、頻発する災害などの因果関係も明らかになりつつある。",3,"「1898年の統計開始」と補足説明が追加されているため。"
9,10,"<sup>5</sup>文部科学省「気候変動適応技術社会実装プログラム（SI-CAT）」（<ins>2015～2019</ins><del>平成27～31</del>年度）",1,"和暦から西暦への表記の統一が行われているため。"
10,10,"<sup>6</sup>2011年に発生したタイの大洪水では、自動車やエレクトロニクス産業等において、タイ国内外の広範なサプライチェーンが大きな影響を受け、世界の工業生産を推計で約2.5％押し下げたとされている<ins>。（</ins><del>（通商白書2012第2章第3節 我が国をはじめとした周辺国・地域の通商環境等に大きな影響を与えたタイの洪水、</del>経済産業省<ins>「平成24年版通商白書」（2012年）</ins><del>、2012http://www.meti.go.jp/report/tsuhaku2012/2012honbun_p/2012_02-3.pdf）。</del>",3,"出典の形式を「通商白書2012」から正式名称に補完したため。"
11,11,"鳥獣被害についても深刻化している。我が国において、クマ類による人身被害の発生件数は長期的に増加傾向にあり、2023年度は統計のある2006年度以降最も多く、また地域的には北日本を中心に多くなっている。クマ類の分布域は拡大する傾向を示しており、人間の生活圏にクマ類が侵入し、国民の安全・安心を脅かしている。<ins>また、ニホンジカの生息域の拡大や生息数の増加により、下層植生の衰退や裸地化等の森林生態系等への被害が深刻化しており、防災・減災等、森林の多面的機能が十分発揮されないことも懸念されている。</ins>この背景には、自然環境の変化や社会環境の変化など様々な要因が考えられる中、近年の少子高齢化・過疎化の進行により人による自然への働きかけが減少したこと等の土地利用の変化の影響があると考えられ、鳥獣の生息域と人間の活動域、その間の緩衝域のゾーニング等を考慮した土地利用や鳥獣管理の立て直しが急務となっている。",6,"ニホンジカによる被害の追加で内容が拡充されているため。"
12,12,"<sup>7</sup>IPBES「生物多様性と生態系サービスに関する地球規模評価報告書（政策決定者向け要約）」<ins>（2020年）</ins>",2,"年号が追加され、数値情報が更新されたため。"
13,12,"<sup>8</sup>有機汚濁の代表的な水質指標であるBOD又はCODの環境基準の達成率は、<ins>2022年度は87.8％（</ins>2021年度<del>は</del>",2,"年度の数値情報が2021から2022に更新されているため。"
14,12,"88.3％<ins>）</ins><del>（2020年度88.8％</del>であり、水域別では、河川<ins>92.4</ins><del>93.1</del>％（同93.<ins>1％</ins><del>5％</del>）、湖沼<ins>50.3％（同53.6％</ins>",2,"数値情報（割合）の修正・更新が行われているため。"
15,12,"<del>53.6％（同49.7％</del>）、海域<ins>79.8％（同78.6％</ins><del>78.6％（同80.7％</del>）となり、閉鎖性海域の海域別のCODの環境基準<ins>の</ins>達成率は、<ins>2022</ins><del>2021</del>年度は、東京湾は68.4％、伊勢湾は<ins>50.0</ins><del>56.3</del>％、大阪湾は66.7％、大阪湾を除く瀬戸内海は<ins>75.7</ins><del>69.6</del>％となっている。",2,"年度や割合などの数値情報が更新されているため。"
16,12,"<sup>11</sup>OECD「グローバル・プラスチック・アウトルック:2060年までの政策シナリオ」<ins>（2022年）</ins>",3,"出典の補完として発行年が追加されているため。"
17,13,"<sup>16</sup><ins>地質時代の区分のうち、人類の活動が地球環境への影響が顕著になった時代区分を切り離して、人類が地</ins>",6,"新たな情報の追加により、文の意味が大きく変わっているため。"
18,13,"<ins>球の生態系や気候に多大な影響を及ぼすようになった時代を地質学的に定義するべきという「人新世」の考えが提唱されていたが、2024年３月の国際地質科学連合の作業部会でその提案は否決された。その背景として、人類が地球に大きな影響を与えたことが否定されたのではなく、人類の地球への影響をより包括的に論じる必要性があるという議論や、地質時代の定義を満たさないという議論もあったとされている。</ins><del>人類が地球の生態系や気候に多大な影響を及ぼし、地質にも影響を与えていることから、人類の影響を受けた地質年代の区分として提唱されている。</del>",6,"提案が否決された事実を追加し、内容が大きく変更されたため。"
19,13,"<sup>18</sup><ins>同宣言では、</ins>「我々は歴史の転回点に到達した。（中略）無知、無関心であるならば、我々は、我々の生命と福祉が依存する地球上の環境に対し、重大かつ取り返しのつかない害を与えることになる。」と記されている。",3,"出典を補完するために「同宣言では、」が挿入された。"
20,14,"1995（平成７）年版の環境白書は、人類の文明がその文明を支える環境の収容力を突破し、その結果、当時の文明が対応できない程度に環境が変化し、文明が滅んでいった過去の例を教訓としつつ、現代文明の地球的限界と持続可能な社会への転換の必要性を説いていた。我が国における人口減少社会の本格化、世界人口の伸びの鈍化は、環境収容力に向かって人口が収斂し、文明の転換点を迎えていくという歴史的な経験と整合的である<del>19</del>。",5,"不要な数字の削除で、文の意味に影響を与えない軽微な変更。"
21,14,"<ins>19</ins><del>平成７年版環境白書</del>",2,"年号が「平成７年」から「19」に更新されているため。"
22,15,"2006（平成18）年に策定された第三次環境基本計画<ins>（平成18年４月７日閣議決定）</ins>には、「環境先進国」<sup>20</sup>を目指すことが盛り込まれている。我が国は、これまで、激甚な公害の克服等の経験を踏まえ、海外への技術やノウハウ等の移転、高い環境性能を有する財・サービスの輸出を進めるとともに、諸外国から国内への視察等を数多く受け入れてきた。",3,"第三次環境基本計画の閣議決定日を補完しているため。"
23,16,"第五次環境基本計画<ins>（平成30年４月17日閣議決定）</ins>において「我が国は、今、環境・経済・社会に関わる複合的な危機や課題に直面している。」と述べたが、我が国は、引き続きそれらの危機や課題に直面している。",3,"第五次環境基本計画の閣議決定日を補完しているため。"
24,16,"<sup>25</sup>総務省<ins>「</ins>人口推計<ins>（2022年（令和４年）10月１日現在）」</ins>",3,"引用・出典の補完として、正式名称を追加しているため。"
25,16,"<sup>29</sup>日本統計協会「日本長期統計総覧」<ins>（2020年）</ins>によると、1888（明治21）年における一都三県の総人口に占める割合は11.3％に過ぎなかった。",3,"出典の補完として、出版年「（2020年）」が追加されている。"
26,16,"<sup>31</sup>環境省、（株）価値総合研究所「地域経済循環分析」<ins>を用いて算出</ins>",3,"出典の補完として「を用いて算出」が追加されているため。"
27,17,"<sup>33</sup>DID：DenselyInhabitedDistricts（人口集中<ins>地区</ins><del>地域</del>）とは、統計データに基づいて一定の基準により都市的地域を定めたもので、日本の国勢調査において設定される。",1,"「地域」から「地区」への変更は表記の正規化に該当する。"
28,17,"が減少している。（国土交通省「令和２年都市計画現況調査<ins>」（2020年３月31日現在）、「</ins><del>」、「</del>平成27年都市計画現況調査<ins>」（2015年３月31日現在））</ins><del>」）</del>",3,"出典の補完として、調査名と日付が追加されているため。"
29,17,"<sup>35</sup>東京23区では、1990年代との比較で建物、道路、鉄道の用地が増加し、水域等の面積が減少した。<ins>（国土数値情報「都市地域データ」、国土数値情報「土地利用細分メッシュデータ」）</ins>",3,"出典情報を補完して情報源を明確にしているため。"
30,17,"<sup>36</sup>気象庁<ins>ウェブサイト「過去の気象</ins>データ<ins>検索」</ins>に基づき環境省算出<del>。</del>",3,"出典の補完として「ウェブサイト「過去の気象データ検索」」が追加されたため。"
31,17,"<sup>37</sup><del>「失われた30年」という表現が使われる場合がある。</del>例えば「経済産業省産業構造審議会経済産業政策新機軸部会中間整理」（<ins>2022年６月）にあるように、「失われた30年」という表現が使われる場合がある。</ins><del>令和４年６月）</del>",3,"出典の具体的な名称と日付が補完されているため。"
32,18,"しかしこの間、我が国の企業は、売上高が伸び悩む中においても経常利益を引上げることに成功してきたが、国内での設備投資や人件費には積極的に支出してこなかった<sup>42</sup>（海外における投資は活発化したが、その果実が国内に十分に還元していないとの指摘もある。）。企業部門の貯蓄超過は、2000年代以降他の主要国より高い水準で推移し、民間非金融法人企業の現預金は、2023年<ins>12</ins><del>9</del>月末現在、<ins>330</ins><del>340</del>兆円を超えている<sup>43</sup>。企業経営の合理化の中で進められたこれらの固定費削減は、企業収益の改善に大きな役割を果たしてきたが、イノベーションの停滞、不安定な非正規雇用の増加、格差の固定化懸念<sup>44</sup>、中間層の減少など新たな課題に直面し、経済の好循環を弱め、国民生活の改善に結び付いていない可能性が指摘されている（個別の企業活動はある意味合理的に行動しているにもかかわらずマクロ経済上の問題を引き起こす、いわゆる「合成の誤謬」が生じていたとされる。）<sup>45</sup>。",2,"数字の「9月末」が「12月末」に更新されたため。"
33,18,"<sup>40</sup>IMF-WorldEconomicOutlookDatabases。なお、実質GDPを就業者数×一人当たり労働時間で示されるマクロの総労働時間（マンアワーベースの労働投入量）で割った労働時間当たり実質GDP（時間当たり労働生産性）をみると、アメリカには劣るものの、ドイツやフランスを上回るなど主要先進国と遜色のない伸びとなっている（内閣府「令和４年度<ins>年次</ins>経済財政<ins>報告」（2022年）</ins><del>白書」</del>）。",3,"「白書」を「年次経済財政報告」に変更し、正式名称を補完している。"
34,18,"<sup>41</sup>厚生労働省「令和３年所得再分配調査<ins>報告書」（2023年）</ins><del>」</del>",3,"出典の補完として「報告書」（2023年）が追加されているため。"
35,18,"<sup>42</sup>内閣府「日本経済2021-2022－成長と分配の好循環実現に向けて－」（2022年）<del>」</del>",5,"不要な括弧の削除で、文の意味に影響を与えない変更。"
36,18,"<sup>43</sup><ins>日本銀行「資金循環統計（速報）（2023年第４四半期）」（2024年3月21日）</ins>日本銀行資金循環統計",3,"出典情報の補完により、情報源が明確になっているため。"
37,18,"<sup>45</sup>「経済財政運営と改革の基本方針2023」<ins>（令和５年６月16日 閣議決定）</ins>などを参考",3,"出典を補完するために「（令和５年６月16日 閣議決定）」を追加した。"
38,18,"<sup>46</sup>令和<ins>５年６月中</ins><del>5年6月中</del>央環境審議会総合政策部会（第108回）資料",1,"年号の漢数字表記への統一によるフォーマットの正規化。"
39,18,"<sup>48</sup><ins>内閣府「</ins>令和４年版経済財政<ins>報告」（2022年７月）</ins><del>白書</del>",3,"出典の補完として「内閣府」と「報告」（2022年７月）を追加。"
40,19,"特に、ロシアによるウクライナ侵略により、エネルギー安全保障、食料安全保障、経済安全保障の重要性が再認識され、国際的なエネルギー・資源・食料価格の上昇、供給の途絶・混乱への懸念と、世界及び地域の安定に影響を及ぼすリスクが増大している。ドイツを始め多くの欧州諸国では、そのような状況に対応して、ロシアによるウクライナ侵略後に再生可能エネルギーの導入目標を大幅に<ins>引き上げる等の対応を図って</ins><del>引き上げて</del>いる。",4,"語順を変えて文を読みやすくした修辞の調整です。"
41,19,"<sup>51</sup><ins>「</ins>交易条件とは、輸出価格指数を輸入価格指数で除した比率であり、輸入価格に比して輸出価格が上昇",5,"句読点の挿入による軽微な変更で、文の意味に影響しないため。"
42,19,"（下落）する場合には交易条件は改善（悪化）し、自国にとって貿易を行うことが有利（不利）となる。<ins>」</ins>(内閣府<ins>「世界経済の潮流」（2011年）</ins>)",3,"出典情報「内閣府『世界経済の潮流』（2011年）」の補完。"
43,20,"我が国の世界に占めるGDPの割合は、第一次環境基本計画<ins>（平成６年12月16日閣議決定）</ins>が策定された1994年の17.9％をピークに近年は５％を下回る水準に低下し、1960年代と同程度である。同じく、我が国の人口の世界に占める割合は、1994年の約",3,"略称「第一次環境基本計画」に正式名称と決定日を補完しているため。"
44,20,"<sup>52</sup>令和４年の森林蓄積量は、人工林が64％（3,545百万m<sup>3</sup>）を占めている。（<ins>林野庁「</ins>森林資源の現況（令和４年３月31日現在）<ins>」</ins><del>（林野庁）</del>）",3,"出典の補完として「林野庁」と「」が追加されているため。"
45,21,"2022年２月に始まったロシアのウクライナ侵略は、持続可能な社会の必要性について改めて<ins>議論を促進する</ins><del>考える</del>契機となった。例えば、気候変動や生態系の破壊等に伴って<ins>、</ins>感染症<ins>の</ins>リスク<ins>等、健康への脅威</ins>は増大すること等から、地球の健康（地球 環境の健全性）と人の健康は一体不可分であるという「プラネタリー・ヘルス」に関する議論が活発化している。グローバルなサプライチェーンの脆弱性が明らかとなり、本章２（３）でも述べたとおり、サプライチェーンの多様化の動きに加え、食料、エネルギー、重要物資等の持続可能な調達と利用についての重要性が高まっている<sup>54</sup>。",6,"「考える」から「議論を促進する」への変更は意味に踏み込んでいるため。"
46,21,"<sup>54</sup>関連して、フランスの経済学者であるジャック・アタリが「命の経済」について提唱している。<ins>（JacquesAttali,「L’Economiedelavie」,2020）</ins>",3,"出典情報を補完し、著者名と書籍名を明記しているため。"
47,21,"<sup>56</sup>「脱炭素成長型経済構造移行推進戦略（GX推進戦略）<ins>（令和５年７月28日閣議決定）</ins>」において「産業革命以来の化石エネルギー中心の産業構造・社会構造をクリーンエネルギー中心へ転換する」と記述されている。",3,"閣議決定の日付を補完し、出典を明確にしているため。"
48,22,"<sup>57</sup>「高度成長期は、公害対策基本法（昭和42年法律第132号）における、生活環境の保全に際し、経済の健全な発展との調和を求められる、いわゆる「経済調和条項」（1970年の改正において削除）に代表されるように、国際的にも、国内的にも、経済成長と環境保全とはそれぞれ別個のものであり、相互にトレードオフの関係になるとの捉え方が一般的であった。」（<ins>環境省「</ins>平成<ins>６年版</ins><del>6年版</del>環境白書<ins>」（1994年）</ins>）",3,"引用元の補完（「環境省」「（1994年）」の追加）による変更。"
49,23,"「環境モデル都市宣言」を行うなど、環境を軸としたまちづくりが進められてきたが、第五次環境基本計画策定以後、200に近い自治体・団体が地域循環共生圏づくりに明示的に取り組んでいる。また、<ins>2024年３月</ins><del>2023年（令和５年）12月</del>末時点で、1000を超える自治体が2050年に温室効果ガス又はCO₂の排出量実質ゼロを目指す、いわゆる「ゼロカーボンシティ」を宣言しているほか、<ins>73（2024年３月</ins><del>74（令和５年11月</del>現在）の脱炭素先行地域を始め脱炭素や環境保全の取組を地域の経済の再生などの課題解決に結びつける動きが加速化している。",2,"年月の情報が「2023年12月」から「2024年3月」に更新されているため。"
50,23,"これに加え、ライフスタイルや文化も環境に配慮した形への変化が見られる。例えば、2018年の国連気候変動枠組条約第24回締約国会議（<ins>以下「</ins>COP24<ins>」という。</ins>）では、ファッション業界気候行動憲章が採択された。",3,"COP24の略称に対して正式名称を補完しているため。"
51,23,"さらに、環境問題を人権問題として捉える考え方も浸透してきた。2022年７月の国連総会において「クリーンで健康かつ持続可能な環境に対する人権」に関する決議<sup>62</sup>が161カ国の賛成で採択された<sup>63</sup>。また、国際的にいわゆる「人権・環境デュー・ディリジェンス」<sup>64</sup>の重要性が増してきており、脆弱な人々への配慮や世代間衡平性等を重視する「環境正義」「気候正義」の重要性が高まってきている。加えて、世界で気候変動関連訴訟が2000年代半ばから増え始め、パリ協定採択後に<ins>我が国でも訴訟が提起さ</ins>",6,"「我が国でも訴訟が提起さ」が追加され、内容が具体化されたため。"
52,24,"<ins>れるなど</ins>更に増加傾向にあり<sup>65</sup>、現在は、年間200件近い訴訟が新たに提起されている",6,"「れるなど」の追加により、内容が具体的に補足されているため。"
53,24,"これまで見てきたように、第一次環境基本計画策定後の約30年間の我が国の環境・経済・社会の状況は、必ずしも大多数の国民が希望を持ち続けることができる状況とは言い切れなかった。近年、ウェルビーイング（Well-being）の考え方が注目を集めているが、幸福度を比較すると、我が国は先進国の中でも最も低い水準が続いている<ins>67</ins>ほか、生活が苦しいと意識している世帯の割合は約半数となっている<sup>68</sup>。また、諸外国に比べ、自分の将来に明るい希望を持てていない若者が多いという調査結果がある<sup>69</sup>。",3,"出典の補完として、注釈番号<sup>67</sup>が追加されている。"
54,24,"第二次環境基本計画<ins>（平成12年12月22日閣議決定）</ins>から、環境・経済・社会の統合的な向上を図る旨を明記していた。今後起こり得る様々な変化に対応しながら、環境・経済・社会に関わる複合的な危機や課題に対処し、持続可能な社会の実現を目指すに当たっては、この概念は以前にも増して重要となる。さらに、人類の存続の基盤を損なうおそれもある現下の環境危機を踏まえるならば、国民が不安から解放され、将来に希望が持てるよう、環境・経済・社会の統合的向上を次なるステップに進める、すなわち、経済、社会の基盤である環境を軸に据えた統合的向上へと高度化し、環境危機の回避とそのための行動をいわば梃子・牽引役にした経済・社会的課題の同時解決が求められる。",3,"第二次環境基本計画の閣議決定日を補完しているため。"
55,24,"<sup>66</sup><ins>UNEPandtheSabinCenterforClimateChangeLawatColumbiaUniversity,「</ins>GlobalClimateLitigationReport:2023StatusReview<ins>」</ins><del>,2023. “GlobalTrendsinClimateLitigation”</del>",3,"出典の補完として、正式名称と報告書名が追加されている。"
56,24,"<sup>68</sup>厚生労働省「令和2年版厚生労働白書<ins>」（令和2年）「2022（令和４）年国民生活基礎調査の概況」。</ins><del>」、「国民生活基礎調査」。</del>近年は改善傾向にある。",3,"出典の補完として「2022（令和４）年国民生活基礎調査の概況」が追加されたため。"
57,24,"<sup>69</sup>内閣府「我が国と諸外国の若者の意識に関する調査<del>」</del>（平成30年度）<ins>」（2019年６月）</ins>",3,"調査の実施年度を具体的な年月に補完しているため。"
58,25,"<sup>71</sup>関連して、<ins>経済企画庁「</ins><del>2000（</del>平成12<ins>年度年次経済報告」（2000</ins><del>）</del>年<ins>７月）</ins><del>の経済白書</del>では<ins>、</ins>「より根本",3,"経済企画庁の正式名称と報告書の詳細を補完しているため。"
59,25,"<sup>72</sup>例えば、Ｇ７財務大臣・中央銀行総裁声明（2023）において、「我々の経済・社会構造は、ダイナミックかつ根本的な変容を遂げている。デジタル化、特に気候変動といった持続可能性、不平等、ジェンダーや多様性は、GDPのような集計された単一の指標では十分に捉えられない、ウェルフェアの重要な要素のほんの一例にすぎない。我々の会議において、ジョセフ・E・スティグリッツ教授との対話を通じて、この重要な課題を再検討し、ウェルフェアの多元的な側面を強調した。」とある。また、ストックを評価できるものとして、人工資本、人的資本、自然資本の合計値を「包括的な富」として示す考え方が国連で提唱され、<ins>英国財務省</ins>「生物多様性の経済学：ダスグプタ・レビュー」（<ins>2021年</ins><del>英国財務省</del>）などでその重要性が指摘されている。",3,"出典の補完として「英国財務省」と「2021年」が追加されているため。"
60,26,"<sup>75</sup>ブルントラント委員会報告書（OurCommonFuture<ins>，1987</ins>）は、「持続可能な開発」を「将来の世代のニーズを満たしつつ、現在の世代のニーズも満足させること」と定義している。",3,"出典の補完として、出版年「1987」が追加されているため。"
61,27,"地球環境問題は、一国で解決できない人類共通の課題であり、各国が協力して取り組むべき問題である。逆に、各国の協力なくして自国の環境は保全できず、自国の国民の生命と財産は守れない。1980年代以降、国連気候変動枠組条約（1992年）や生物多様性条約（1992年）など地球環境保全に係る国際枠組みは様々な分野で急速に整備されていった<sup>76</sup>。さらに、1997年12月に京都で開催された国連気候変動枠組条約第３回締約国会議（<ins>以下「</ins>COP３<ins>」という。</ins>）において「京都議定書」が採択され、当時世界の温室効果ガス排出量の過半<sup>77</sup>を占めていた各先進国に対して拘束力のある温室効果ガス削減義務を課すなど具体の削減行動についての重要な一歩となった<sup>78</sup>が、開発途上国に対しては削減義務を課さない等の課題も残った。また、生物多様性条約の下では、2010年の生物多様性条約第10回締約国会議（<ins>以下「</ins>COP10<ins>」という。</ins>）において、2020年までに生物多様性の損失を止めるために効果的かつ緊急な行動を実施することに合意し、その具体的な行動目標として愛知目標が設定されるとともに、遺伝資源の利用から生ずる利益の公正かつ衡平な配分の着実な実施を確保するための手続きを定めた名古屋議定書が採択された。",3,"COP3とCOP10の略称に正式名称を補足しているため。"
62,27,"<sup>76</sup><del>各種条約を記述（</del>1985年にオゾン層保護のためのウィーン条約、1987年に同条約の下でのオゾン層を破壊する物質に関するモントリオール議定書<ins>、1989年に有害廃棄物の国境を越える移動及びその処分の規制に関するバーゼル条約、1991年に環境保護に関する南極条約議定書 、1994年に砂漠化対処条約、1998年に国際貿易の対象となる特定の有害な化学物質及び駆除材についての事前のかつ情報に基づく同意の手続に関するロッテルダム条約、2000年に生物の多様性に関する条約のバイオセーフティに関するカルタヘナ議定書、2001年に残留性有機汚染物質に関するストックホルム条約等が整備された。</ins><del>など）</del>",6,"条約の具体例を追加し、内容が詳細化されているため。"
63,27,"<sup>78</sup><ins>第一</ins><del>第１</del>約束期間は、加盟していた我が国を含む23カ国すべてが削減目標を達成した（途中で脱退したカナダを除く。）。また、IPCC第４次評価報告書政策決定者向け要約では、「気候変動枠組条約及びその京都議定書の注目すべき功績は、気候問題への世界的な対応を確立し、一連の国内政策を推進し、国際的な炭素市場を創設し、さらに将来的な緩和努力の基礎となる可能性がある新しい制度的仕組みを構築したことであり、このことについての意見の一致度は高く、多くの証拠がある。」と記述している。",1,"漢数字からひらがなへの表記統一による正規化。"
64,28,"IPCCからは、2018年に「1.5℃特別報告書」が公表され、1.5℃と２℃の地球温暖化の間には、平均気温の上昇、極端な高温の増加、強い降水現象の増加、並びに一部の地域における干ばつの確率の上昇等において有意な違いがあること、1.5℃に抑える排出経路においては、2050年前後に世界全体の人為的なCO<sub>2</sub>排出量が正味ゼロに達することが示された。さらに、国連気候変動枠組条約第26回締約国会議（<ins>以下「</ins>COP26<ins>」という。</ins>）では、気候変動の影響は、1.5℃の気温上昇の方が２℃の気温上昇に比べてはるかに小さいことを認め、気温上昇を1.5℃に制限するための努力を継続することが決定された。",3,"略称「COP26」に正式名称を補完するための変更。"
65,29,"2023年のCOP28においては、パリ協定の下で世界全体の気候変動対策の進捗状況を評価するグローバル・ストックテイクが初めて行われ、1.5℃目標達成のための緊急的な行動の必要性が強調されるとともに、2025年までの世界全体の排出量のピークアウトの必要性が認識された。そのための具体的な行動として、全ての部門・全ての温室効果ガスを対象とした排出削減目標の策定、2030年までに世界全体での再生可能エネルギー発電容量を３倍及びエネルギー効率の改善率を世界平均で２倍とすること、排出削減対策が講じられていない石炭火力発電のフェーズダウンの加速、エネルギーシステムにおける化石燃料からの移行、<ins>脱炭素・低炭素技術の促進、</ins>持続可能なライフスタイルと持続可能な消費・生産パターンへの移行などが決定された。これらの成果を踏まえつつ、各国は2025年までに次期NDCを提出することが要請されている。",6,"「脱炭素・低炭素技術の促進」の追加で内容が具体化されたため。"
66,31,"地球規模での森林開発や気候変動等により動物等を媒介とする感染症のリスクが増大し、また、グローバリゼーションの進展等により、人獣共通感染症等が国境を越えて国際社会全体に拡大する事態が発生<ins>している。近年では</ins><del>し</del>、2020年<ins>１月に、</ins><del>以降、世界は</del>新型コロナウイルス感染症のパンデミック<ins>について世界保健機構（WHO）より</ins>",3,"「新型コロナウイルス感染症のパンデミックについて世界保健機構（WHO）より」と出典を補完しているため。"
67,31,"<ins>「国際的に懸念される公衆衛生上の緊急事態（PHEIC）」が宣言されている。加えて</ins><del>という危機に直面している。また</del>、これらの感染症は、人の健康や社会経済活動のみならず、生物多様性保全にも大きな影響を及ぼすおそれがある<sup>84</sup>。こうした問題の解決に向けて、<ins>人</ins><del>人間</del>の健康、動物の健康、環境の健全性はどれが欠けても成立せず、これらの達成に統合的に取り組むことを提案するワンヘルス・アプローチが提唱されている。",6,"「人間」から「人」への変更は意味に踏み込んでいるため。"
68,31,"国際資源パネル（IRP）が<ins>2024</ins><del>2019</del>年に発行した「世界資源アウトルック<ins>2024</ins><del>2019</del>」報告書において、資源採取と加工による環境影響が明確に示された。グローバルな環境影響として、天然資源<ins>（化石資源、鉱物、非金属鉱物、バイオマス）</ins>の採取と材料・燃料・食料への加工<ins>及び関連する土地利用</ins>は、全世界のGHG排出量（土地利用に関連する気候影響を除く）の55％以上<sup>85</sup><del>約半分</del>、生物多様性の損失と水ストレスの要因の90％以上、粒子状物質の健康影響の40％を占めており<sup>86</sup>、これら採取・加工による気候<ins>および生物多様性への影響は、気候変動を1.5℃未満に抑制し生物多様性の損失を防ぐという目標をはるかに超過していると指摘されている</ins><del></del>。",2,"年号や割合などの数値情報が更新されているため。"
69,31,"<sup>86</sup>個別セクターでは、例えば、食料生産が大部分の生物多様性の損失と土壌浸食の主な原因となり、GHG排<ins>出の大きな部分を占めるほか、2000年から2015年の間に、金属の採掘と生産による気候変動と健康への影響が約２倍になったこと等が指摘されている。また、IPCC特別報告書「気候変動と土地」（2019年）においても、食料の生産、加工、流通、調理及び消費を含む食料システム全体からのGHG排出量は世界のGHG排出の21～37％を占めると推定されている。なお、IPCC「第６次評価報告書 第３作業部会報告書 気候変動2022：気候変動の緩和」においては、「バランスの取れた、持続可能で健康的な食生活への移行、食品ロスと廃棄の削減、バイオ材料の使用などの需要側の対策及び材料代替の対策は、2.1 [1.1～3.6]GtCO2-eq/年の削減に貢献しうる。」とされている。</ins>",6,"新たな情報が追加され、内容が具体的に拡充されているため。"
70,31,"<ins>87</ins><del>個別セクターでは、例えば、食料生産が大部分の生物多様性の損失と土壌浸食の主な原因となり、GHG排</del>",6,"「87」と「個別セクターでは、例えば、食料生産が...」は内容が異なるため。"
71,31,"<del>出の大きな部分を占めるほか、2000年から2015年の間に、金属の採掘と生産による気候変動と健康への影響が約２倍になったこと等が指摘されている。また、IPCC特別報告書「気候変動と土地」（2019年）において</del>",6,"文章全体が削除され、内容や意味が大きく変わっているため。"
72,32,"<del>も、食料の生産、加工、流通、調理及び消費を含む食料システム全体からのGHG排出量は世界のGHG排出の21～37％を占めると推定されている。なお、IPCC「第６次評価報告書 第３作業部会報告書 気候変動2022：気候変動の緩和」においては、「バランスの取れた、持続可能で健康的な食生活への移行、食品ロスと廃棄の削減、バイオ材料の使用などの需要側の対策及び材料代替の対策は、2.1 [1.1～3.6]GtCO</del>2-eq/年の削減に<del>貢献しうる。」とされている。</del>",6,"文章全体が削除され、内容が大きく変わっているため。"
73,32,"<sup>88</sup><ins>環境省「</ins>昭和62年版環境白書<ins>」（1987年）</ins>",3,"出典の補完として「環境省」と「（1987年）」が追加されている。"
74,33,"2022年版」では、乱獲や汚染により世界の漁業資源は減少を続けており、さらに海洋生態系は、気候変動等様々な環境の変動に対し、脆弱であるとされている<sup>90</sup>ことに加え、近年はプラスチック汚染による生態系への影響等が懸念されている。また、土砂災害による被害者数は、直近20年では豪雨の増加や激甚化等もあって増加傾向にあるが、人口減少や高齢化の影響に<ins>よって</ins><del>より</del>手入れ<ins>が</ins>不足<ins>したり、ニホンジカによる下層植生</ins>の<ins>被害が深刻な</ins>森林においては、防災・減災等、森林の多面的機能が十分発揮されないことが懸念されている。さらに、湿原面積の大幅な減少により、湿原が持つ洪水調整機能も減少傾向にあると考えられている。",6,"森林の手入れ不足やニホンジカ被害に関する具体的な情報追加。"
75,33,"<sup>89</sup>明治・大正期では、水力発電所の比較的近くに工場等が立地するケースが多く見られた。<ins>（国土交通省</ins>",3,"出典を補完するために「国土交通省」が挿入されている。"
76,33,"<ins>「国土数値情報 発電所データ」、「国土数値情報 鉄道時系列データ」経済産業省「工業統計調査」（1925年）、北海学園大学経営論集「水力時代 電力革命の経営史研究」（2009年９月25日））</ins>",3,"出典情報が追加され、引用・出典の補完が行われているため。"
77,33,"<sup>91</sup>2015年の耕作放棄地面積は1975年の約３倍となっている。<ins>（農林水産省「農林業センサス」）</ins>",3,"出典を補完するための情報が追加されているため。"
78,36,"世界へ」が2023年９月に開催された第５回国際化学物質管理会議で採択された。この枠組は、気候変動、生物多様性の損失及び汚染という３つの危機に取り組むため、ステークホルダー間の協調と協働を強化し、政府機関だけでなく全ての関係者に対してオーナーシップを持った行動を促す、マルチセクター・マルチステークホルダーアプローチで形成された自主的取組の枠組みである。ここに掲げられた「安全で健康的かつ持続可能な未来のために、化学物質や廃棄物による悪影響から解放された地球」あるいは第１部に述べられたプラネタリー・ヘルス<ins>の考え方</ins>を<ins>踏まえ</ins><del>達成するため</del>、現在設立交渉が進んでいる化学物質と廃棄物の適正管理及び汚染の防止に関する科学・政策パネルなどでの国際的な科学的知見も基礎として、脱炭素、循環経済、さらに昆明・モントリオール生物多様性枠組の目標にも貢献していく必要がある。",6,"「達成するため」を「踏まえ」に変更し、意味が変わっているため。"
79,36,"環境問題は特定の汚染源への対策にとどまらず、気候変動問題や生物多様性の損失に代表されるように、問題解決のために経済社会システムや生活様式の見直しが必要となり、個別の環境政策間の連携が必要となってきた。第四次環境基本計画<ins>（平成24年４月27日閣議決定）</ins>では、「安全」が確保されることを前提として、「低炭素」・「循環」・「自然共生」の各分野が統合的に達成されることを目指した。第五次環境基本計画では、循環共生型の社会の実現に向け、６つの重点戦略の下、経済・社会的課題の同時解決の視点をも盛り込みつつ、施策の統合的な実施の更なる具体化を図る方針、また地域におけるその実践の場として地域循環共生圏の概念を示した。",3,"第四次環境基本計画の閣議決定日を補完しているため。"
80,36,"さらに、2023年のＧ７広島首脳コミュニケ、Ｇ７札幌気候・エネルギー・環境大臣会合コミュニケにおいて、気候変動、生物多様性の損失及び汚染という３つの世界的危機に対し、経済社会システムをネット・ゼロ（脱炭素）で、循環型で、ネイチャーポジティブな経済へ転換すること、また、課題の相互依存性を認識してシナジー（相乗効果）を活用する旨が盛り込まれている<del>94</del>。",5,"文章末尾の不要な数字を削除した軽微な変更。意味に影響しない。"
81,36,"<ins>94</ins><del>関連して、国際資源パネル（IRP）の評価では、天然資源の採取と加工が、地球全体の温室効果ガス排出量</del>",6,"文章の内容が削除され、意味が大きく変わっているため。"
82,36,"<del>の要因の約半分（土地利用に関連する気候への影響は含まない）、生物多様性の損失と負の水ストレスの要因の90％、粒子状物質の健康影響の約３分の１を占めると指摘されている 。</del>",6,"文章全体が削除され、内容そのものが変わっているため。"
83,37,"また、先に述べたとおりIPCCやIPBESの各種の報告は国際社会に大きな影響を与えてきた<sup>95</sup>。そのうち、IPCCの人為起源の気候変動影響の評価については、第一次評価報告書（1990年）では「地表表面の平均気温上昇を生じさせるだろう。」と述べたに過ぎなかったが、その後の報告で徐々に確信度が高まり、第六次評価報告書において「人間の影響が大気、海洋及び陸域を温暖化させてきたことには疑う余地がない。」と結論付けられるに至った。また、2021年にノーベル物理学賞を受賞した真鍋淑郎氏が1989年に行った、<ins>同報告書</ins><del>第一次評価報告書</del>に掲載された気候モデルのシミュレーション結果は、その後実際に観測された変化の傾向と整合していた<sup>96</sup>。このことは、利用可能な最良の科学的知見を活用し、予防的な取組方法の考え方に基づいて対応することの重要性を改めて示している。",6,"「同報告書」に変更し、具体性を持たせたため。"
84,37,"<sup>95</sup>社会科学的な知見として、英国より出された、「<ins>スターン・レビュー</ins><del>スターンレビュー</del>気候変動の経済学」（2006年）や「生物多様性の経済学：ダスグプタ・レビュー」（2021年）が国際的に注目されたものとして挙げられる。",1,"表記の統一のための変更（レビューの表記に中黒を追加）。"
85,37,"<sup>96</sup><ins>Stouffer,J.</ins>Ronald<ins>,</ins><del>J.Stouffer1</del>andSyukuroManabe<ins>,</ins><del>(</del>2017<ins>:Assessingtemperaturepatternprojectionsmadein1989.</ins><del>)</del>",5,"句読点や不要な括弧、空白の修正で意味に影響しない変更。"
86,37,"<sup>97</sup><ins>環境省「</ins>平成４年版環境白書<ins>」（1992年）</ins>",3,"出典の補完として「環境省」と「（1992年）」が追加されたため。"
87,38,"しかしながら、現実には我が国の国民の環境意識は、国際的には決して高いとは言えず、現状に対する危機感が弱いことが調査結果から見て取れる<sup>101</sup>。また、「実際に環境や社会の問題を意識した行動へとつなげるためには何が必要か」という問いに対して、43.1％の人が「経済的なゆとり」と回答し、他の要素を大きく引き離して最も多いとの調査結果がある<sup>102</sup>。<ins>そのため、国民の環境意識を高めるためには、環境情報の提供等により、国民の環境問題や環境保全に対する理解を深め、環境保全の取組への参画等を促進することが重要である。</ins>",6,"環境意識向上の具体的な方法を追加し、内容が変化している。"
88,38,"（9）東日本大震災・<ins>東京電力福島第一原子力発電所の</ins><del>原発</del>事故",3,"略称「原発」を正式名称「東京電力福島第一原子力発電所」に変換したため。"
89,38,"東日本大震災は、被害が甚大であり、かつ、被災地域が広範にわたる未曾有の大災害であり、特に、福島県は、地震及び津波による被害のみならず、それらに伴う原子力災害により、放射性物質による深刻かつ多大な被害を受けた。東日本大震災・<ins>東京電力福島第一原子力発電所の</ins><del>原発</del>事故によって発生した放射性物質による環境汚染の影響を速やかに低減することを目的とした環境再生の取組が必要となり、<ins>東京電力福島第一原子力発電所の</ins><del>原発</del>事故の影響を受けた地域において、除染や特定廃棄物の処理等を行ってきた。それらの取組により、令和２年３月までに、帰還困難区域を除く全ての地域で避難指示が解除されたほか、帰還困難区域については、令和５年11月までに６町村（葛尾村、大熊町、双葉町、浪江町、富岡町、飯館村）における特定復興再生拠点区域全域の避難指示が解除された。しかし、引き続き取り組むべき課題は残っており、福島県内除去土壌等の県外最終処分の実現に向けた取組を始めとした環",3,"「原発」を「東京電力福島第一原子力発電所の事故」に正式名称変換。"
90,38,"AND WORK」（2021年<ins>９月</ins><del>9月</del>14日）の経年調査を見ても、気候変動の影響について懸念する割合は低下している。また、2022年の世論調査によると、「生物多様性」の言葉の「意味を知っていた」人は全体の29.4％、「意味は知らないが、言葉は聞いたことがあった」人が43.2％であり、生物多様性国家戦略2012-",1,"漢字からひらがなへの表記の統一を行っているため。"
91,38,"2020で定めた目標値である75％以上に届かず、生物多様性に関する認識や理解は、まだ十分に進んでいない状況にある。また、2021年の社会生活基本調査によれば、ボランティア活動としての「自然や環境を守るための活動」に参加している人の割合は３％と、2001年の８％から減少している。<ins>さらに</ins><del>また</del>、我が国は、環境保護企業からの商品の購入意思や、持続可能な商品に対する高い価格の支払い意思について、他の先進国と比べて低いとの<ins>傾向に</ins><del>調査も</del>ある（令和5年6月中層環境審議会総合政策部会資料<ins>。Intan-Invest、経済産業研究所「JIPデータベース2018」、OECDStatisticsから環境省作成</ins>）。",3,"出典の補完が行われているため。"
92,38,"<sup>102</sup>環境省「令和２年度環境教育等促進法基本方針の実施状況調査（アンケート調査）」（<ins>2021年</ins><del>令和３年</del>３月）。25％が「一緒に取り組む仲間」、24.9％が「精神的な安定」と続いている。また、先進国で比較した場合、国別のGDPの伸びと環境意識の変化（気候変動が自身に与える影響について非常に懸念している人の割合の変化）には一定の相関が観察される。我が国は、データがある国の中では、GDPの伸びと環境意識の変化がともに最も低い。",2,"年号の変更は数値情報の修正・更新に該当するため。"
93,39,"なお、社会活動の基盤であるエネルギーの確保、安定供給については、東日本大震災を経て自立・分散型エネルギーシステムの有効性が認識されており、エネルギー利用の効率化の推進とともに、地域に賦存する再生可能エネルギー<ins>等</ins>の活用、資源の循環利用が重要である。",5,"「等」の追加は軽微な変更であり、文の意味に影響を与えない。"
94,40,"<sup>104</sup>環境省設置法<ins>（平成11年法律第101号）</ins>第３条第１項",3,"法律名に年号と法律番号を補完して正式名称にしたため。"
95,41,"ここでいう「共生」とは、人は環境の一部であり、また、人は生きものの一員であり、人・生きもの・環境が不可分に相互作用している、すなわち、人が生態系・環境において特殊な存在ではなく、健全な一員となっている状態である。私たち日本人は、豊かな恵みをもたらす一方で、時として脅威となる荒々しい自然を克服・支配する発想ではなく、自然に対する畏敬の念を持ちながら、試行錯誤を重ねつつ、自然資本を消費し尽くさない形で自然と共生する知恵や自然観を培ってきた。しかし、第１章で述べたとおり、現在、日本人を含めた人類全体が、生態系あるいは環境において特殊な存在となっている。「共生」を実現するためには、人類の活動が生態系を毀損しないだけでなく、人類の活動によって、むしろ生態系が豊かになるような経済社会に転換することが望ましい。第１章でも述べたとおり、近年、地球の健康と<ins>人</ins><del>人間</del>の健康を一体的に捉える「プラネタリー・ヘルス」の考え方が重要視されている。",1,"「人間」から「人」への変更は表記の統一に該当するため。"
96,43,"<sup>110</sup>例えば、経済の長期停滞や無秩序な市街地の拡散<ins>等</ins>の問題が挙げられる。",1,"「等」の追加は接続詞の補完であり、てにをはの修正に該当する。"
97,44,"<sup>113</sup>我が国は世界に占める創業100年以上の企業の割合が世界の半数を超えるとの調査がある。<ins>（日経BPコンサルティング・周年事業ラボ「2022年版100年企業＜世界編＞」2022年）</ins>",3,"出典を補完するための情報が追加されているため。"
98,44,"<sup>115</sup>共通の生活地域の集団である地域共同体としてのコミュニティと<ins>、</ins>共通の規範や価値観を持つ集団としてのコミュニティがある。",5,"句読点の追加による軽微な変更で、文の意味に影響しない。"
99,45,"<sup>117</sup>地域と共生し、環境負荷の総量削減に貢献する再生可能エネルギー設備など脱炭素エネルギー供給インフラ（既存設備の有効活用を含む。）、ZEH・ZEB、EV・充電設備、リサイクル関連設備、コンパクトな都市構造、鉄道等の公共交通機関などの有形資産、環境人材・環境価値、コミュニティなど<ins>の</ins>無形資産が挙げられる。",1,"助詞「の」の追加により文の構造を整えた。"
100,45,"<sup>118</sup>価格メカニズム、循環経済システム、金融システム、教育・科学研究、自然と共生する文化、国際枠組・協調、自立<del>・</del>分散、水平<del>・</del>分散のシステムなどが挙げられる。",5,"不要な読点を削除した軽微な変更で、文の意味に影響しない。"
101,45,"<sup>120</sup>例えば、わかりやすさの観点から「シン<ins>・</ins>自然資本」と呼ぶことも考えられる。<ins>また</ins><del>なお</del>、これは、いわゆる「社会的共通資本」に近い概念という指摘がある<ins>。</ins>（環境省「第六次環境基本計画に向けた将来にわ たって質の高い生活をもたらす「新たな成長」に関する検討会取りまとめ」<ins>（</ins>2023年４月）<ins>）</ins><del>。</del>",5,"句読点や接続詞の軽微な修正で、文の意味に影響しない。"
102,48,"<sup>126</sup>2021年６月に公表された「生物多様性と気候変動に関するIPBES-IPCC合同ワークショップ報告書」では、気候変動緩和・適応のみに焦点を絞った対策は、自然や自然の恵みに直接的・間接的な悪影響を及ぼす可能性があること、生物多様性の保全と回復に焦点を絞った対策は、気候変動緩和に大きく貢献することが多いものの、その効果は生物多様性と気候変動の両方を考慮した対策に劣る可能性があることを指摘している。また、同年のCOP26においては、熱帯林の減少・劣化が気候変動の重大な原因の一つと特定されたことを踏まえ、世界的な森林保全とその修復促進を含む取組を強化する「森林・土地利用に関するグラスゴー・リーダーズ宣言」に我が国を含む140<ins>か国</ins><del>カ国</del>以上が参加した。さらに、2022年のUNEP国際資源パネル",1,"「カ国」から「か国」への表記の統一（漢字→ひらがな）です。"
103,49,"そのため、国民の環境意識の向上に働きかける施策や行動、国民相互のコミュニケーションの充実、政策決定過程への国民参画<ins>の一層の推進</ins>とそのための政策コミュニケーション、その成果の可視化が必要である。一方的な普及啓発ではなく、あらゆる主体が環境に配慮した社会づくりへの参加を通じて共に学びあうという視点が重要である。また、その学びあい等により、国民一人一人、市民社会、地域コミュニティの対応力や課題解決能力を高めていく（エンパワーされる）ことも可能となる。世代間衡平性を確保する観点から、若い世代の参加を促進するなど将来世代の「ウェルビーイング／高い生活の質」のための施策を積極的に推進する。また、国内外においてジェンダーに対応した気候変動政策の推進が求められていることなどから、気候変動政策を始め環境政策における女性の参画をより一層後押しする。",4,"「国民参画の推進」を「国民参画の一層の推進」に修辞を調整。"
104,49,"その際、環境情報の充実、公開が基盤となる。<ins>各主体が必要な環境情報を収集するとともに、</ins>各主体が所有している情報に対し、投資、消費活動を始めとしたニーズに応じたアクセスが可能であること、その情報に基づき現状や課題に関する認識を共有しつつ、「ありたい未来」であるビジョン、またそれに向けた取組の進展を評価し、共有することが必要となる。その上で、自主的、積極的な活動に加えて、協働型の事業の創出や、取り残されそうになっている人々を包摂する活動を通じて、全員参加型で環境負荷の低減や良好な環境の創出を推進していく必要がある。",6,"新たな情報収集の重要性を追加し、内容が変化しているため。"
105,55,"<sup>127</sup>公共政策におけるナッジ（nudge：そっと後押しする）は、行動に関する科学的知見の活用により、人々が自分自身にとってより良い選択を自発的に取れるように手助けする政策手法として国会で位置付けられており、選択の自由を残し、費用対効果の高いことを特徴として、様々な公共政策領域における活用が<ins>世界的</ins><del>全球的</del>に進められている。我が国においては、2017年４月に、環境省を事務局として産学政官民連携の体制により日本版ナッジ・ユニットが創設されており、行動に起因する社会課題の解決に向けて、ナッジ等の行動科学の知見の活用について検討が進められている。",1,"「全球的」を「世界的」に修正し、表現を統一したため。"
106,57,"<del>第3部</del><ins>第2部</ins>環境政策の具体的な展開",6,"部の番号変更により、内容の位置や順序が変わるため。"
107,57,"(4)人々の暮らしについて、「ウェルビーイング／高い生活の質」が実感できるよう、<ins>気候変動や生物多様性の損失、汚染による環境へ</ins><del>汚染</del>の危機等に対処し、ライフスタイ",6,"「汚染」から「気候変動や生物多様性の損失、汚染」に変更し、内容が具体化されたため。"
108,59,"<sup>129</sup>ヒト・モノ・カネ・情報をはじめとする資源の連結、関係者の納得度合いや先を<ins>見越した</ins><del>見越 した</del>ステップを確認して進行管理を支えるプロセス支援、変革に向けて刺激を与え関心や意思を呼び起こす変革促進、本質的な解決策の発見を促す問題解決提示など、協働取組を促進するために有効な機能。",1,"不要な空白を削除し、フォーマットを正規化した変更です。"
109,61,"一方、金融機関や投資家は、事業者<del>と</del>の<del>対話を通じて</del>環境負荷の低減につながる投資を促し、<del>サステナブルファイナンス等を通じて</del>取組を後押しする<ins>など</ins><del>ことで</del>、持続可能な社会の構築に寄与する資金の流れを生み出す<ins>サステナブルファイナンスの取組を推進する</ins>ことが期待される<sup>130</sup>。事業者については金融側の動きに応じて、TCFDやTNFD等を通じてリスクと機会を含めた情報開示を求められている大企業だけでなく、地域における重要なプレイヤーである中堅・中小企業においても、事業戦略を策定するに当たってサステナビリティの視点を持つことが重要である。その際、支援の必要な中堅・中小企業に対しては、金融機関は伴走支援を通じて、事業戦略の推進と経営の安定、事業拡大に貢献するほか、サステナビリティ経営の普及啓発を行うことが期待される<sup>131</sup>。",6,"「サステナブルファイナンスの取組を推進する」など意味が変わる変更があるため。"
110,61,"NPO・NGO、教育機関、研究機関、科学者コミュニティ、協同組合、労働組合など、
国民や事業者により組織され、環境保全に関する活動を行う非営利的な民間団体は、自律的、組織的に幅広い活動を活発に行うことにより環境保全のための取組に関する基盤を形成<ins>し、また国、地方公共団体、事業者の取組に重要なインプットを与える</ins><del>する</del>など、大きな役割を果たしている。民間団体は、あらゆる主体が環境保全に関する行動に主体的に参加する社会を構築していく上で、取組の結節点として重要な役割を果たすと考えられ、特に草の根の活動や民間国際協力などきめ細かな活動が期待される。",6,"変更により文の意味が拡張され、具体的な役割が追加されたため。"
111,61,"また、民間団体の役割としては、自ら具体的な環境保全活動を行うことのほか、行政、事業者、個人など各主体の取組を評価しこれらの主体をつないで取組を一層加速させること、専門的な情報を国民に分かりやすく伝達することなどにより各主体の情報の橋渡しを行うこと、自らの専門的能力を生かした提言を行う<ins>とともに、国、地方公共団体、事業者等と協働して課題に取り組むことなど</ins>ことなどが期待される。",6,"「提言を行うこと」に「協働して課題に取り組むこと」が追加され、内容が変化している。"
112,61,"<sup>130</sup>例えば、金融庁「サステナブルファイナンス有識者会議第三次報告書」<ins>（2023年６月）</ins>等に記載がある。",3,"出典の補完として報告書の発行年月が追加されているため。"
113,61,"<sup>131</sup>脱炭素アドバイザーについては<ins>次章</ins><del>第２章</del>「１<ins>『</ins><del>「</del>新たな成長<ins>』</ins><del>」</del>を導く持続可能な生産と消費を実現するグリーンな経済システムの構築」における（環境人材育成等による人的資本投資、組織資本投資の拡大）の項目を参照。",6,"「次章」と「第２章」の変更は参照箇所を変え、内容に影響するため。"
114,65,"<del>第3章</del><ins>第2章</ins>重点戦略ごとの環境政策の展開",6,"章番号の変更は内容や意味に影響を与えるため。"
115,65,"また、環境価値を始めとする「ウェルビーイング／高い生活の質」につながる価値について、市場における適切な評価を<ins>促す</ins><del>行う</del>とともに、バリューチェーン全体を通じて向上を図り、財・サービスの高付加価値化（マークアップ率、財・サービスの単価の向上等）に結びつける。消費行動については、国民の環境意識を高めつつ、価格重視から環境価値等の質を重視する方向への転換を促していく。現在及び将来の国民の本質的なニーズを的確に捉えつつ、現に有する又は現状に比べて改善した環境価値・性能<sup>136</sup>を付加価値に転化する等の観点から、デジタル関連を含む無形",6,"「行う」から「促す」への変更は、行動の主体や目的が変わるため。"
116,65,"<sup>133</sup><ins>内閣府「</ins>平成<ins>12年度年次</ins><del>12年版の</del>経済<ins>財政報告」（2000年）</ins><del>白書</del>において「規格大量生産型工業社会」との表現がある。",3,"出典の補完（内閣府、年次報告）と正式名称への変換が行われているため。"
117,65,"<sup>134</sup><ins>13</ins><del>15</del>頁<ins>３行目</ins><del>27行目【Ｐ】</del>からのパラグラフを参照。",6,"ページと行の指定が変更され、参照箇所が異なるため。"
118,66,"こうした取組を通じて、内外の需要を獲得しつつ、経済全体を「量から質」「高付加価値」「線形から循環型」なものへと転換し、持続可能な生産と消費を実現すると同時に、労働生産性や賃金の向上にも貢献していく。そのためには、外部不経済の 内部化など市場の失敗の是正を含めた経済システムのグリーン化を進めるとともに、市場メカニズムを有効に活用しつつ、環境保全に資する国民の創意と工夫、行動変容を促していくことが不可欠である。ESG投資<ins>のように</ins><del>など</del>、機関投資家<ins>等</ins>が企業の環境面への配慮を重要な投資判断の一つとして捉える動き<ins>等</ins>が主流化している潮流を踏まえ、気候変動対策、循環経済、ネイチャーポジティブ等の実現に資する<del>市場への</del>投融資など、持続可能な社会の構築へと資金の流れをシフトする環境金融の拡大を図る<ins>。また</ins><del>とともに</del>、「成長志向型カーボンプライシング構想」の実現・実行や税制全体のグリーン化等を推進していく。<ins>さらに、環境スタートアップなどによる</ins><del>また、</del>先進的なものも含めたグリーンな製品・サービスに対する需要創出としての公共調達、DXの活用等による環境関連情報の集約・開示、バリューチェーンでの環境負荷低減の評価を積極的に進めていく。",4,"語句の追加・削除により文の構造を整理し、読みやすくしている。"
119,66,"ベーション、後者がプロセス・イノベーションに相当する。製造工程の変更による環境価値・性能の実現に当たっては、生産設備の更新に伴い生産性の向上が図られることもある一方で、財・サービスに係る他の価値が変わらない<ins>中</ins><del>なか</del>でコスト増を来す投資<ins>が</ins><del>を行う</del>必要<ins>となる</ins><del>がある</del>ケースもある。そのようなケースの場合には、後述するとおり、当該財・サービスの拡大のためには、環境価値・性能の市場における適切な評価、財・サービスの単価の向上等のバリューチェーン全体を通じた<ins>取組</ins><del>取り組み</del>が不可欠である。",1,"漢字とひらがなの表記統一や助詞の修正が行われているため。"
120,67,"そのためには、天然資源や炭素<sup>138</sup>の投入量の低減に資する、自然資本及び自然資本を維持・回復・充実させるための有形資産・無形資産への投資を拡大することで、関連する資本ストックを充実化させていくことが重要である。この際、最先端の技術開発に加え、すでに実証・実装されている技術の組合せ・水平展開によってもイノベーションが生み出されうるということも重要な視点であり、現在及び将来の国民の本質的なニーズに応える技術・資産への投資を促していくことが重要である<del>。</del>（主に、資源生産性、炭素生産性の分母の対策）。",5,"文末の句読点を削除した軽微な変更で、意味に影響しない。"
121,67,"2022年で33.7兆円、2023年で27.3兆円（2024年<ins>１月</ins><del>1月</del>公表速報値）に上る化石燃料の輸入額の削減、バリューチェーン全体を脱炭素化する流れの中での我が国における企業立地競争力の向上、海外へのエネルギー依存度の低減を通じたエネル",5,"同じ「1月」の表記を全角に統一した軽微な変更であるため。"
122,67,"<sup>138</sup><ins>ここでは、炭素のうち</ins>循環利用されないもの<ins>を指す。</ins>",6,"挿入された部分が文の意味を具体化し、内容に影響を与えているため。"
123,67,"<sup>139</sup><ins>環境省「</ins>平成29年版環境<ins>・循環型社会・生物多様性</ins>白書<ins>」（2017年）</ins>",3,"出典情報の補完として、正式名称や発行年が追加されているため。"
124,67,"<sup>140</sup>ここでは「地上資源」を象徴的に使用しており、地熱発電など地下に賦存する再生可能エネルギーを排除<ins>する</ins><del>している</del>ものではない。",1,"助詞「している」を「する」に修正し、文法を正規化している。"
125,68,"系統に負荷を与えないための蓄電池の導入、水素としての貯蔵、需要側設備の最適制御等を進めることにより、再生可能エネルギーの導入可能量の更なる拡大を図るとともに、屋根面に加え、壁面等の新たな設置手法の開発による地域共生型で、電力系統に依存しない自立分散型の再生可能エネルギーの導入を進める。<ins>また、再生可能エネルギー大量導入に向けた系統制約への対応として、系統増強等にも取り組む。</ins>",6,"系統増強等の新たな取り組み内容が追加され、意味が変化しているため。"
126,69,"また、太陽光発電設備については、<ins>2030年代後半以降に排出量が顕著に増加すると想定されることから、「再生可能エネルギー発電</ins><del>今後の廃棄のピークを見据え、</del>設備の廃棄・リサイクル<ins>のあり方に関する検討会中間取りまとめ」を踏まえ、リユース</ins><del>等に係る制度的検討の加速化</del>やリサイクル<ins>を促進・円滑化するために、引渡し及び引取りが確実に</ins><del>技術の高度化等、適正な廃棄、リユース、リサイクル</del>実施<ins>されるための新たな仕組みの構築に向けて検討</ins>に向けた計画的な対応を講ずる。（2024年1<del>月の検討会とりまとめ</del>を<ins>進めていく。</ins><del>踏まえて可能な範囲で詳述。）</del>",6,"文章の内容や意味が大きく変わるような表現の変更が行われているため。"
127,69,"<ins>案」が令和６年３月12日に閣議決定され、第213回通常国会へ提出された。同法案では、法律名が「海洋再生可能エネルギー発電設備の整備に関する法律」に改められ、</ins>",6,"法律名の変更により、内容や意味が変わるため。"
128,69,"<ins>・我が国のEEZにおける海洋再生可能エネルギー発電設備の設置を許可する制度</ins>",6,"新たに制度の設置を許可する内容が追加され、意味が変わっている。"
129,69,"<ins>・領海・内水及びEEZにおける区域指定を行うための国による海洋環境等に係る調査等の実施、環境影響評価法の特例措置</ins>",6,"新たな内容の追加により、文章の意味が変わっているため。"
130,69,"<ins>が創設されている。</ins>",6,"「が創設されている。」は内容の追加で意味が変わる。"
131,70,"そのため、家庭・業務・産業・運輸の各分野において、<ins>「エネルギーの使用の合理化及び非化石エネルギーへの転換等に関する法律」（昭和54年法律第49号。以下「省エネ法」という。）</ins><del>省エネ法</del>等を活用し、規制・支援一体型で大胆な省エネルギーの取組を進めていく。",3,"略称「省エネ法」を正式名称に変換し、法律名を補完しているため。"
132,71,"／カーボンリサイクルの早期社会実装に向け、政府において策定したロードマップに基づき、関係省庁間で連携しながら技術の確立に向け進めていく。<ins>また、水素等については、低炭素水素等の供給及び利用の促進に取り組む。</ins>",6,"新たな内容（水素の供給と利用促進）が追加され、意味が変わっているため。"
133,71,"<ins>さらに</ins><del>また</del>、ネット・ゼロと水・大気環境保全との統合的アプローチの観点から、今後、燃料や水素キャリア等の用途として大規模利用が見込まれるアンモニアに係る、窒素酸化物等の排出抑制に関する取組や、水源の硝酸性窒素等、地域の環境保全に向けた家畜ふん尿のエネルギー利用等の取組を促進する。",1,"接続詞の修正で、表現の統一を図った変更です。"
134,71,"先進国において、イノベーションの実現割合とエネルギー生産性、エネルギー生産性と労働生産性との間には正の相関が確認できる。また、エネルギー生産性の向上は、化石燃料の使用量の削減を<ins>通じて</ins><del>通じた</del>大気汚染の改善にもつながる。",1,"助詞「通じた」を「通じて」に修正し、文法を正した。"
135,72,"<ins>さらに</ins><del>更に</del>、現在及び将来の国民や地域の本質的なニーズを把握しつつ、環境価値・性能を付加価値に転化させ、その販路を開拓する等を支援する中間支援機能の強化を図るための組織資本投資を積極的に進めていく。",1,"「更に」から「さらに」への表記の統一（漢字→ひらがな）です。"
136,73,"消費行動と企業行動（生産行動）の共進化の視点から、国民（消費者、市民社会、地域コミュニティ等の視点を含む。）の判断や行動の土台等となる様々な主体が持つ環境情報の効果的・効率的な集約・開示、科学的知見の充実など現在及び将来の国民の本質的なニーズに係る情報の整備等について、デジタル関連投資の拡大などを含め推進し、国民のエンパワーメント（自らの意思決定により自発的に行動できる）に結びつけていく<ins>。</ins>",5,"句読点の追加で文の意味に影響を与えない軽微な変更。"
137,73,"近年では、<ins>気候関連財務情報開示</ins><del>気候関連の財務情報の開示に関する</del>タスクフォース（TaskforceonClimate-relatedFinancialDisclosures: TCFD）、自然関連財務情報開示タスクフォース（TaskforceonNature-relatedFinancialDisclosures：TNFD）、さらにはISSBによるサステナビリティ開示基準の公表等により、企業は金融",4,"語順を変更して文章を読みやすくしたものです。"
138,74,"機関や投資家から、気候<ins>・</ins><del>関連リスク及び</del>自然関連のリスクと機会、その<ins>対応</ins><del>備え</del>について情報開示を求められている。また、金融機関・投資家自身も、自らの気候等に関するリスクと機会を把握し、投融資先との対話に生かしていくことが重要である。一方で、気候変動対応に関しては、企業や金融機関・投資家が自らリスクと機会<del>の分析</del>やその<ins>対応</ins><del>適応策</del>を<ins>分析・</ins>検討するためには、信頼性の高い気候変動影響予測<ins>等の</ins>データの利用可能性の向上や、企業の事業活動に応じた気候<ins>関連</ins><del>変動</del>のリスクと機会の評価手法の確立が課題となっている。また、自然関連については、企業の<ins>バリューチェーン全体の</ins>事業活動と生物多様性や自然資本との接点における依存や<ins>影響</ins><del>負荷</del>の関係を個々に把握・評価していく必要があり、このための評価手法を企業ニーズに合わせて確立することが求められている。そのため、既存<del>の将来予測関連</del>データのアクセス性の向上や、ニーズに見合ったデータの提供、リスク及び機会の具体的な評価手法の提示など、国際動向に対応しつつ、企業価値の向上につながる取組手法の具体化や開示支援等の施策を実施していく。また、事業活動によって消費する<ins>水</ins><del>淡水</del>資源よりも水の供給力を大きくするウォーターポジティブ等の国際動向も踏まえ、水資源に関するリスク<ins>や機会</ins>への対応など、環境保全や良好な環境の創出に取り組む民間企業の情報開示が企業価値や持続可能性の向上につながるよう、必要な施策を検討する。",6,"「備え」から「対応」など、内容や意味が変わる表現の変更があるため。"
139,75,"企業行動のグリーン化については、<del>単なる環境ビジネスから、</del>ビジネスにおける環境の主流化<ins>を目指し</ins>、環境経営の促進、脱炭素ビジネスや循環経済関連ビジネス、ネイチャーポジティブ経済<ins>への移行が生み出すビジネス</ins>など<del>へ</del>、環境関連産業の普及拡大を図る。後述のバリューチェーン全体での環境経営の促進、グリーン購入・環境配慮契約、グリーンファイナンスの拡大、税制全体のグリーン化等の各種施策の展開を通じ、環境の主流化を促進していく。特に、気候変動については、民間企業が事業活動を行うために欠かせない経営資源（従業員、原材料、資源、商品、施設、資金、資産、技術、信頼等）に既に様々な影響を与えている。今後は更に、気候変動による気象災害の激甚化や頻発化、異常な高温、海面上昇等の影響の拡大が予測される中、企業が適切に適応策を講じることは、持続可能性やステークホルダーからの信頼の確保など、ビジネスの基盤を将来にわたってレジリエントなものとすることにつながり、企業の持続可能性を考える上で必要不可欠な取組となっている。気候変動は市民生活や産業に様々な影響を及ぼす一方で、市民や企業の適応に役立つ製品やサービスを提供する新たな市場（適応ビジネス）が拡大していくことも期待されている。",6,"「単なる環境ビジネスから」の削除で内容が具体化されているため。"
140,75,"<sup>144</sup>製造時の原材料やエネルギー等の「入力」と製品としての「出力」の間における、環境価値などの特性をバランスさせる考え方<ins>。経済産業省、環境省</ins><del>である。</del>「カーボンフットプリント
ガイドライン」<ins>（2023年３月</ins>では、マスバランス方式をCFP算定に用いる場合の算定において、その製造プロセスの特性を考慮し、生成物に対して適切にCO2排出量削減効果を割り当てるものとしている<del>方法</del>。",6,"「経済産業省、環境省」と「である。」の変更で意味が変わっているため。"
141,76,"また、これら最先端の脱炭素製品・技術の開発者となる環境分野におけるスタートアップの育成を図っていく（環境スタートアップに対する具体的な支援策については、「５<ins>『</ins><del>「</del>新たな成長<ins>』</ins><del>」</del>を支える科学技術・イノベーションの開発・実証と社会実装」にて後述する。）。",1,"引用符の形式を統一するための変更。"
142,76,"「デコ活」を旗印とし、消費者の行動変容を促していく。具体的な取組については「４<ins>『</ins><del>「</del>ウェルビーイング／高い生活の質<ins>』</ins><del>」</del>を実感できる安全・安心、かつ、健康で心豊かな暮らしの実現」において後述する。",1,"引用符の形式を統一するための変更です。"
143,76,"<sup>145</sup>例えば、グリーンスチール、CO2吸収型コンクリート・カーボンリサイクルセメント、ペロブスカイト太陽電池、e-methane・e-fuelなど<ins>がある</ins>。",5,"「がある」の追加は文の意味に影響を与えない軽微な変更です。"
144,77,"また、事業活動における生物多様性・自然資本への影響・負荷の低減や新しい価値創造に向けたバリューチェーンのグリーン化の取組として、自然資本関連データの活用や事例の共有などによる企業の目標設定支援、TNFD等に基づく自然関連財務情報開示の促進に向けた支援、業界内外の協働の促進等を行うことで企業の価値向上を図るとともに、ネイチャーポジティブ<del>な</del>経営を行う企業への投資を呼び込むことを目指す。",1,"助詞「な」の削除による表現の正規化。"
145,78,"2022年７月に施行された「<ins>環境と調和のとれた食料システムの確立のための環境負荷低減事業活動の促進等に関する法律」（令和４年法律第37号。以下「</ins>みどりの食料システム法」<ins>という。）</ins>に基づく計画認定制度により、温室効果ガス削減や化学農薬・化学肥料の使用低減等の環境負荷低減に取り組む生産者、環境負荷低減に役立つ技術の普及拡大等を図る事業者の取組を後押しするとともに、農林水産省の全ての補助事業等に対して、最低限行うべき環境負荷低減の取組の実践を要件化する",3,"略称「みどりの食料システム法」を正式名称に変換したため。"
146,78,"世界におけるESG金融を含むサステナブルファイナンスの拡大に伴い、我が国においても国内市場の発展につながる各種施策を講じてきたところ、我が国の運用資産に占めるサステナブル投資額の割合は上がっている。今後は量的な側面はもとより、グリーンウォッシュの懸念に対応する観点から、不断に質的な改善に努めていく必要がある。これを踏まえ、企業<ins>や金融機関を含む関係者</ins>による情報開示の取組の拡充と質の担保を引き続き進めるとともに、グリーンボンドガイドライン等における、グリーン性の判断基準の更なる明確化に向けたグリーンな資金使途の例示の拡充を行うなど、グリーンファイナンスの国内市場発展のために必要な環境を整備する。",6,"「企業」に「金融機関を含む関係者」が追加され、対象が拡大されたため。"
147,78,"また、我が国では従来から、個々の企業における法令遵守と自主的取組を基に環境対策が進められてきた。しかし、ESG金融を含むサステナブルファイナンス等、機関投資家<ins>や金融機関</ins>が企業や事業単位の<ins>環境に関する取組</ins><del>環境面への配慮</del>を<ins>投融資における</ins>重要な<ins>要素</ins><del>投資判断</del>の一つとして捉える動きが主流化しつつある中、気候変動のみならず、生物多様性・自然資本、資源循環分野、環境汚染対策（化学物質管理等）等の多岐にわたる環境分野において先進的な取組を行う企業や事業が適正に評価されるような環境の整備に取り組む。",6,"変更により、投資判断の要素が具体的に示されているため。"
148,80,"（<ins>環境省「</ins>平成27年版環境<ins>・循環型社会・生物多様性</ins>白書<ins>」（2015年）</ins>）",3,"出典情報が補完され、正式名称が明記されたため。"
149,81,"<sup>147</sup><del>これらの施策の実施、特に、脱炭素化の推進に当たっては、</del>産業構造変化に<ins>伴い、</ins><del>伴う</del>大きな土地利用変化<ins>や地域経済社会への影響の</ins><del>に対応する</del>可能性があることから、<ins>これらの施策の推進に当たっては、</ins><del>併せて、</del>公正な移行の観点<ins>も踏まえて統合的に</ins><del>を踏まえた施策の</del>実施<ins>する必要</ins>が<ins>ある</ins><del>不可欠となる</del>。",4,"語順変更や文構造整理により、文章を読みやすくしているため。"
150,85,"地域の自然資本である再生可能エネルギーについては、太陽光発電、風力発電、バイオマス資源を始めとして、同じく地域性の高い地熱発電、更には地域共生型の浮体式洋上風力及び潮流発電、再生可能エネルギー熱（太陽熱、地中熱、雪氷熱、温泉熱、海水熱、河川熱、下水熱等）や未利用廃熱等について、地域の自然や社会と調和した形での最大限の活用を図ることで、エネルギーの地産地消モデル構築による自立・分散型の社会形成、レジリエンス強化に加え、地域外への移出を含めた再生可能エネルギー関連事業による雇用創出や地域活性化、地域経済循環の拡大を達成する。当該地域外の事業者による大規模な事業であっても、当該地域に裨益するような形で進めていくことが望ましい。なお、地域における再生可能エネルギーの導入に関する具体的な支援策については、「３環境・経済・社会の統合的向上の実践・実装の場としての地域づくり」<del>及び第３章</del>において後述する。",5,"「及び第３章」の削除は文の意味に影響を与えない軽微な変更です。"
151,86,"<sup>150</sup><ins>環境省「</ins>平成18年版環境白書<ins>」（2006年）</ins>",3,"出典の補完として、環境省と発行年が追加されているため。"
152,87,"電動車の導入拡大に向け、車両の購入を支援するとともに、充電・水素充てんインフラ<ins>の整備</ins><del>設置</del>促進等の道路交通をグリーン化する取組を進める。また、道路整備・管理等のライフサイクル全体の低炭素化を図り、道路施設の脱炭素化を推進する。加えて、建設機械等の電動化を促進する。",6,"「整備」と「設置」は異なる意味を持ち、内容が変わるため。"
153,90,"とりわけ地域固有の自然資本である再生可能エネルギーについては、化石燃料か らの移行による気候変動への対応のみならず、地域外、引いては海外へのエネルギー関連による資金流出<sup>151</sup>を防ぐための重要な地域資源である。また、循環資源や再生可能資源等を活用して、天然資源の投入量、廃棄物の最終処分量を減少させると ともに、地域経済循環の拡大を図ることも重要である。このような取組は地下資源の採掘・利用に伴う環境負荷の総量を削減し、地域の豊かな自然環境の保全・再生、ネイチャーポジティブの実現に貢献するものであり、環境政策の分野間の統合、シナジーを生み出すものであると言える。加えて、これらの事業によって得られた事業利益の一部を、社会福祉、伝統文化の保存、農業インフラの維持などの地域課題の解決に向けて活用することは、地域の経済を好循環構造に転換<del>152</del>させることにもつながり、環境課題と経済・社会課題の同時解決に資するものでもある<ins>153</ins>。",5,"注釈番号の変更は文の意味に影響を与えない軽微な変更です。"
154,90,"<ins>152</ins><del>例えば、林地残材や家畜糞尿、生ごみや下水汚泥などのうち未利用な資源に新たな価値を見出し活用する</del>",6,"元の具体例を削除し、数値に置き換えたため意味が変わっている。"
155,90,"<del>ことで環境・経済・社会課題の同時解決につながる可能性がある。</del>",6,"文の削除により、内容の意味が変わる変更であるため。"
156,90,"<sup>153</sup>例えば、林地残材や家畜糞尿、生ごみや下水汚泥などのうち未利用な資源に新たな価値を見出し活用する<ins>ことで環境・経済・社会課題の同時解決につながる可能性がある。</ins>",6,"変更により環境・経済・社会課題の解決可能性が追加されたため。"
157,94,"「１<ins>『</ins><del>「</del>新たな成長<ins>』</ins><del>」</del>を導く持続可能な生産と消費を実現するグリーンな経済システムの構築」でもESG金融や企業行動のグリーン化の重要性について言及したが、それを地域レベルでも充実・加速していくことが地域循環共生圏の構築において必要不可欠である。",1,"引用符の形式を統一し、フォーマットを正規化しているため。"
158,95,"いく。加えて、株式会社<ins>脱炭素化</ins><del>脱炭素</del>支援機構とも連携し、地域金融機関による地域エネルギー会社や脱炭素ファンド<ins>の設立・出資</ins>、脱炭素型融資制度<ins>の創設など</ins>の取組を支援する。",6,"「脱炭素化」や「設立・出資」などで意味が具体化されているため。"
159,95,"地方公共団体と連携した地域エネルギー会社は、再生可能エネルギーなどの地域資源を活用し、地域経済活性化、地域課題解決に貢献する地域循環共生圏の主要な担い手なるとともに、地域の中堅・中小企業の脱炭素化を支援し、地域産業の競争力強化にも貢献することが期待される。地域エネルギー会社による、地域の合意形成を図り、環境に適切に配慮した地域貢献型の再エネ・省エネ・蓄エネの導入を支援する。ネット・ゼロ社会の実現<ins>のため</ins><del>には</del>、我が国の産業競争力の強みであるバリューチェーンを構成<ins>する</ins><del>し、バリューチェーン上で排出量の２割を占める</del>中堅・中小企業の脱炭素化を進めるべく、普段から中堅・中小企業との接点を持っている地域金融機関、商工会議所等の経済団体や地方公共団体が連携して地域ぐるみで支援する体制を構築するとともに、「知る」「測る」「減らす」<sup>155</sup>のステップを通じた脱炭素化を促進する。また、省エネ法・温対法・フロン法電子報告システム（EEGS）等も活用し、<ins>報告義務のない</ins>中堅・中小企業が<ins>排出量</ins><del>排出</del>算定・公表を<del>より</del>容易にできる環境を整備し、削減目標・計画の策定や脱炭素設備投資を支援する。",6,"バリューチェーン構成の説明が削除され、意味が変わっているため。"
160,96,"昭和31年に公式確認された水俣病の発生地域では、環境汚染に加えて、被害者の救済問題や偏見、差別など様々な問題が発生した。このような状況下で、地域の絆の再生を目指し、平成<ins>２年</ins><del>2年</del>から平成10年の間に熊本県と水俣市の共同で「環境創造みなまた推進事業」が進められ、水俣再生へ向けた市民の意識づくりが行われた。水俣市は平成<ins>４年</ins><del>4年</del>に全国に先駆けて「環境モデル都市づくり」を宣言して以降、ごみの高度分別やリサイクルの活動を始めとするさまざまな取組を地域ぐるみで推進してきた。平成13年には国からエコタウンの認証を、平成20年には環境モデル都市の認定を、令和２年にはSDGs未来都市の認定を受け、また「水俣病被害者の救済及び水俣病問題の解決に関する特別措置法の救済措置の方針」（平成22年４月16日閣議決定）において「環境に対する高い市民意識や蓄積された環境産業技術、美しい自然や豊富な地域資源などを積極的に生かして、エコツーリズムを始め、環境負荷を少なくしつつ、経済発展する新しい形の地域づくりを積極的に進めます」との方針が示されたことも踏まえて平成24年より国、熊本県、水俣市等が連携して",1,"年号の表記を全角に統一するフォーマットの正規化です。"
161,96,"東日本大震災、<ins>東京電力</ins>福島第一原子力発電所の事故からの復興を進める福島県において、地元のニーズに応え、環境の視点から、地域の強みを創造・再発見する未来志向の取組を力強く進めていく。福島イノベーションコースト構想の「エネルギー・環境・リサイクル」分野における、先進的なリサイクル技術の産官学連携、技術開発等に関する取組を推進し、産業創出を支援するとともに、復興に携わる人・まちの視点から、再生可能エネルギーの導入、技術開発の一層の加速化等に資する調査を実施し、地域の「脱炭素×復興まちづくり」を支援する。加えて、福島県とも連携しながら、「ふくしまグリーン復興構想」に基づき、自然環境の保全と調和を図りながら適正な利用を推進し、国内外の交流人口の拡大を目指す。",3,"「東京電力」を追加して正式名称に変換したため。"
162,99,"<ins>「プラスチックに係る資源循環の促進等に関する法律」（令和３年法律第60号。以下</ins>",3,"法律名を明記し、正式名称を補完しているため。"
163,99,"<ins>「</ins>プラスチック資源循環促進法<ins>」という。）</ins>その他の関係法令等による発生抑制対策、マイクロプラスチックによる生物・生態系への影響に関する科学的知見の集積、国際的な枠組みや多国間・二国間協力を通じた国際連携等を推進することにより、海岸景観や海洋環境を保全する。",3,"プラスチック資源循環促進法の正式名称を補完しているため。"
164,100,"反応性窒素及びリンは水、土壌、大気といった様々な媒体にまたがって存在していることから、包括的な視点からマテリアルフローを一体的に管理する体制の構築と対策が求められる。窒素は、食料生産<ins>や工業生産</ins>等に<ins>おいて重要</ins><del>不可欠</del>な<ins>物質</ins><del>栄養分</del>であるが、大気汚染、水域の富栄養化、地下水汚染など、多くの環境媒体に影響を及ぼしている。また、我が国は主な化学肥料の原料のほぼ全量を輸入しており、肥料の安定供給、経済・食料安全保障も課題である。",6,"「不可欠な栄養分」から「重要な物質」への変更は意味に影響する。"
165,101,"野生生物の保全に係る地域活動<ins>の支援と</ins><del>を</del>促進<del>する</del>とともに、こうした活動について自然共生サイトの取組とも連携し、ビジネスセクターを始めとする様々な主体の参画を促進する。",6,"「支援と促進」に変更され、活動の内容が具体的に追加されたため。"
166,102,"我が国における食品ロスは523万トン<ins>（</ins><del>(</del>2021年度農林水産省・環境省推計)であり、これは、世界中で飢餓に苦しむ人々に向けた国連世界食糧計画（WFP）の食料支援量",5,"不要な括弧の修正で、文の意味に影響を与えない軽微な変更です。"
167,102,"<ins>（</ins><del>(</del>2022年で年間約480万トン)の1.1倍に相当する。また、調達に始まり生産、加工・流通、消費に至る食料システム、及び廃棄においては多くの温室効果ガスを排出している。このように資源の有効活用及び環境負荷の低減の観点から、食品ロスの削減は我が国における喫緊の課題である。",5,"不要な括弧の削除で、文の意味に影響を与えない軽微な変更。"
168,103,"デジタル化が進む中で、森林のもたらす効用等、リアルな自然体験がもたらす便益（健康増進、健全なこどもの発育、孤独・孤立に対する社会的予防、価値観・ライフスタイルの変革等）に着目し、自然とのふれあいを推進する。子どもの自然体験活動の推進、国立公園等における自然体験コンテンツの整備や情報発信等による豊かな自然に触れる機会の向上、<ins>滞在体験の上質化に向けたインタープリター等の人材育成、</ins>安全で快適な利用のベースとなる自然公園等施設の整備・更新、上質化、ロングトレイルの活用促進等を進める。",6,"新たな内容「滞在体験の上質化に向けたインタープリター等の人材育成」が追加され、意味が変わっている。"
169,105,"<sup>157</sup><del>例えば、</del>既存技術の組み合わせによるイノベーションも含まれる。",5,"「例えば」の削除は文の意味に影響を与えない軽微な変更。"
170,105,"<sup>158</sup>人文科学、社会科学、自然科学<ins>等</ins>の垣根を越えた統合的な視点が必要。",5,"「等」の追加は軽微で、文の意味に影響を与えない変更。"
171,106,"国民が、低環境負荷技術やグリーンイノベーションを理解・評価・活用するためには、「<del>（</del>１<ins>『</ins><del>）「</del>新たな成長<ins>』</ins><del>」</del>を導く持続可能な生産と消費を実現するグリーンな経済システムの構築」で述べたとおり、最先端の脱炭素製品・技術に対する初期需要を我が国全体で喚起・創造すること、「<del>（</del>４<ins>『</ins><del>）「</del>ウェルビーイング／高い生活の質<ins>』</ins><del>」</del>を実感できる安全・安心、かつ、健康で心豊かな暮らしの実現」で述べたとおり、我々の消費行動を含むライフスタイルやワークスタイルにおいて、「大量生産・大量消費・大量廃棄こそが豊かさである」という価値観からのシフト、価格重視から環境価値等の質を重視する方向への転換を促していくことが重要である。",5,"不要な括弧を削除し、引用符を統一する軽微な変更。"
172,107,"平時の「ウェルビーイング／高い生活の質」と災害リスク軽減の同時実現を果たす「フェーズフリー」の技術は、<ins>「２自然資本を基盤とした国土のストックとしての</ins>",6,"変更により具体的な内容が追加され、意味が変わっているため。"
173,108,"<ins>価値の向上」</ins><del>重点戦略（２）</del>に掲げる自立分散型社会の実現にも資するものであり、平時・災害時における国民の本質的なニーズや、今後人口減少・過疎化が進み、災害により既存インフラの維持が難しくなった過疎地域における将来世代の本質的なニーズに応えうるものである。このような考え方の下、生活用水を循環濾過し再利用する水循環システム<sup>159</sup>や、次世代太陽電池であるペロブスカイト太陽電池、設置場所を拡充する建材一体型太陽光発電等の技術に関し、開発・実装や普及拡大を促進していく。",6,"「重点戦略（２）」から「価値の向上」に変更され、内容が変わっているため。"
174,109,"気候変動は社会経済や生物多様性など多岐にわたる分野への影響が懸念されており、適応策の検討に当たっては、様々な分野へのコベネフィットを評価していくことが重要である。そのためにも、気候変動及び気候変動影響の観測、監視、予測及び評価のデータや科学的知見等の気候リスク情報、気候変動適応に関する技術や優良事例等の情報は、国、地方公共団体、事業者、国民等の各主体が気候変動適応に取り組む上での基礎となるものであり、<ins>更</ins><del>さら</del>なる充実とアクセス性を向上させることが重要である。",1,"「さら」を漢字の「更」に統一する表記の正規化。"
175,111,"スタートアップ育成<ins>５か年</ins><del>５カ年</del>計画（令和４年11月<ins>28日</ins>新しい資本主義実現会議決定）において、令和９年度（2027年度）にスタートアップ全体への投資額を10兆円規模とすることが目標として掲げられているが、同計画においては「スタートアップの創業を検討する際、環境問題などの社会的課題の解決を目的にすることが多い」とされていることを踏まえ、優れた環境技術シーズを持つ、また、現在及び将来の国民の本質的なニーズに応える環境スタートアップ等の研究開発・社会実装支援等を抜本的に強化する必要がある。このため、「科学技術・イノベーション創出の活性化に関する法律」（平成20年法律第63号）によるSBIR（SmallBusinessInnovation Research）制度等に基づき、事業構想段階や実用化段階、事業化段階における資金的・技術的な支援や、事業化段階における信用付与等による事業機会の創出を行うことにより、集中的・継続的で切れ目のない支援を実現し、環境スタートアップ等によるイノベーションの実現と社会実装に向けた取組を強化していく。",1,"「５カ年」から「５か年」への表記の統一が行われているため。"
176,112,"<sup>160</sup>IPCC第６次評価報告書第３作業部会報告書より。この値は消費に基づく算定方法に基づいており、都市域の直接排出量と都市で消費される電力、物資、サービスの生産に関連した<del>、</del>都市域外の間接排出量を含み、航空輸送用<ins>・</ins><del>および</del>海運用のバンカー燃料<ins>及び</ins><del>および</del>土地利用変化、林業、農業の排出量を除く。またCO2及びCH4の<ins>全て</ins><del>すべて</del>の排出カテゴリーを含む。",1,"漢字とひらがなの表記統一、および接続詞の修正。"
177,114,"国内では、プラスチック資源循環戦略やプラスチック資源循環促進法に基づき、廃プラスチックの発生抑制・再使用・分別回収等を推進している。プラスチック汚染対策は、資源循環のみならず、気候変動対策、生物多様性保全にも貢献することを念頭に対策を進める。特に使い捨てプラスチック<ins>削減</ins>については、プラスチック資源循環<ins>戦略に掲げるマイルストーンやプラスチック資源循環</ins>促進法に基づく特定プラスチック使用製品の使用の合理化<ins>等に従って取組</ins>を<ins>加速化させる</ins><del>徹底する</del>。",6,"「徹底する」から「加速化させる」への変更で意味が変わっている。"
178,116,"アジア地域を始めとする途上国において依然として深刻な課題である水・大気環境汚染への対策を促進するため、アジア水環境改善パートナーシップ<ins>（</ins><del>(</del>WEPA)、大気汚染物質全般に対象を拡大した東アジア酸性雨モニタリングネットワーク<ins>（</ins><del>(</del>EANET)等の多国間の枠組み、日中韓三カ国環境大臣会合<ins>（</ins><del>(</del>TEMM)の下での大気汚染政策対話と黄砂共同研究、国連環境計画<ins>（</ins><del>(</del>UNEP)、クリーン・エア・アジア<ins>（</ins><del>(</del>CAA)、国際応用システム分析研究所<ins>（</ins><del>(</del>IIASA)等と連携した大気汚染対策と気候変動対策のコベネフィット・アプローチの推進、二国間の協力等を通じて、我が国の知見・経験の共有、技術移転、能力開発等の国際協力を推進する。",1,"半角括弧を全角括弧に統一するフォーマットの正規化。"
179,119,"<del>第4章</del><ins>第3章</ins>個別分野の重点的施策の展開",6,"章番号の変更は内容の位置や順序に影響を与えるため。"
180,119,"<sup>162</sup>Ｇ７広島首脳コミュニケにおいて<ins>も</ins><del>は</del>、「我々は、世界規模での取組の一環として、世界全体の平均気温",1,"助詞の修正であり、文の意味に影響を与えない軽微な変更。"
181,121,"併せて、<ins>健康、</ins>防災<ins>・減災</ins>、農林水産業、生物多様性保全を始め社会経済的側面を含む多岐にわたる分野の施策への組み込み、緩和策とのコベネフィットの評価など、統合的な課題解決とシナジー強化に引き続き取り組んでいく。",6,"「健康」「減災」の追加で内容が具体的に拡充されているため。"
182,122,"（2）<ins>資源循環のための事業者間</ins><del>動静脈</del>連携によるライフサイクル全体での徹底的な資源循環",6,"「動静脈」から「資源循環のための事業者間」への変更は意味が変わるため。"
183,122,"製造業・小売業などの動脈産業における取組と廃棄物処理・リサイクル業など静脈産業における取組が有機的に連携する動静脈連携による資源循環を加速し、中長期的にレジリエントな資源循環市場の創出を支援する<ins>。そして、循環型社会の実現に向けて、産官学連携を推進して、経済安全保障の確保や脱炭素の実現にも貢献する動脈産業の資源循環の促進に係る取組を進めるとともに、</ins><del>とともに、静脈側の資源循環に係る情報を活用し、動静脈連携や脱炭素化を促進するための施策など、循環型社会を実現するために必要な</del>静脈産業の脱炭素型資源循環システムを構築する。また、成長戦略フォローアップ工程表や循環経済工程表等も踏まえ、2030年までに循環経済関連ビジネスの市場規模を80兆円以上にするという目標に向け、グリーントランスフォーメーション（GX）への投資を活用することなどにより、循環経済への移行を推進する。動静脈連携により資源循環を促進するに当たっては、製品の安全性の確保、有害物質のリスク管理、不法投棄・不適正処理の防止等の観点にも留意し、各主体による適正な取組を推進するとともに、環境への負荷や廃棄物の発生量、脱炭素への貢献といった観点から、ライフサイクル全体で徹底的な資源循環を考慮すべき素材や製品について更なる取組を進める。また、循環資源の分別・収集・利用等に関して、消費者や住民との対話等を通した、これらを活かした前向きで主体的な意識変革や環境価値",6,"静脈産業の取組内容が具体化され、意味が変わっているため。"
184,123,"<sup>164</sup>2023年11月<del>６日、７日</del>には<ins>、</ins>環境省・経団連主催の下でCEREPに係る<ins>Ｇ７・Ｂ７</ins><del>G7・B7</del>合同のワークショップを開催している。",1,"句読点の追加とアルファベットの全角化による表記統一。"
185,125,"また、ESG金融等を通じて、生物多様性・自然資本に関わるリスク・機会を組み込んだ経済への移行を実現し、ビジネスがネイチャーポジティブ実現のドライバーとなるための施策について<ins>、ネイチャーポジティブ経済移行戦略を踏まえて</ins>実施する。",6,"「ネイチャーポジティブ経済移行戦略を踏まえて」の追加で内容が具体化されたため。"
186,126,"生存基盤たる水・大気・土壌環境については、環境基準を達成し、また、継続的な改善を図るため、<del>「</del>大気汚染防止法<ins>、</ins><del>」、「</del>水質汚濁防止法<ins>、</ins><del>」、「</del>土壌汚染対策法<del>」</del>等関連法令に基づく対策を引き続き適切に実施していく。",1,"句読点の統一によるフォーマットの正規化。"
187,126,"特に、行政上の目標である環境基準について、最新の科学的知見の収集に努めるとともに、環境基準の達成率の高い項目についてはその維持及び更なる改善に努め、達成率の低い項目についてはその向上を目指した諸施策を講じ、公害の<del>発生を</del>未然防止に努めるとともにボトルネックとなるメカニズムの解明にも努める。",6,"「発生を」削除により、公害防止の方法が具体化されたため。"
188,128,"汚染、気候変動、生物多様性の損失という３つの危機は相互に密接に関連しており、統合的な方法で対処する必要がある。こうした観点から、「プラネタリー・ヘルス」という概念が提唱されており、<ins>人</ins><del>人間</del>の健康と人類の文明は、豊かな自然システムとその賢明な管理によって成り立っているという理解に基づき、<ins>人</ins><del>人間</del>の健康は、地球の自然システムと一体的に捉える必要があると指摘されている。また、通常の事業活動や日常生活一般の人間活動に起因する環境への負荷の増大、気候変動による残留性有機汚染物質の挙動の変化の可能性、化学物質の混合物の環境と人体への影響の評価の必要性等も指摘されている。こうした問題に対処するには、事業者が規制的手法や情報的手法に従って対策を講じるのみならず、国民一人一人が地球環境の悪化を自らの健康と紐づけて考え、自主的、積極的に環境負荷の低減に資する行動を取ることが必要であり、そうした行動が報われ、積極的に取り組む主体にインセンティブが付与されるよう、化学物質管理施策のあり方を見直していく必要がある。",6,"「人間」から「人」への変更は、意味に影響を与える表現の変更です。"
189,129,"GFCの戦略目標Ｂでは、情報に基づいた意思決定と行動を可能にするため、化学物質に関する包括的で十分なデータ・情報が作成され、利用可能な形でアクセスできることが掲げられている。これを受けて、我が国においても、上流から下流まで及び再生段階を含めたライフサイクル全体を通じた素材・製品中の化学物質に関する情報の共有の<ins>更</ins><del>さら</del>なる促進や、化学物質の製造や化学物質の移動・排出データ、及び化学物質の人体中濃度、ばく露源、生物相や環境のモニタリングデータの収集・利用しやすい形での公開に努める。",1,"「さら」を漢字の「更」に変更し、表記を統一したため。"
190,132,"持続可能な社会の実現に向けて<ins>施策・</ins>計画などを策定する段階から環境配慮の組み込みを図るとともに、国、地方公共団体及び関係団体等が連携・協力した環境影響評価制度によって、事業における適正な環境配慮を確保することにより、健全で恵み豊かな環境の保全を図り、国民一人一人の「ウェルビーイング／高い生活の質」の実現に貢献する。",6,"「施策」の追加により、計画の内容が具体的に拡充されているため。"
191,133,"・風力発電事業のうち、とりわけ洋上風力発電事業に関しては、再生可能エネルギーの主力電源化の切り札として推進していくことが期待されている。一方で、再エネ海域利用法に基づく<ins>海洋再生可能エネルギー発電設備整備</ins>促進区域<ins>の</ins>指定と環境影響評価法に基づく環境影響評価手続は、それぞれが独立した制度となっているため、両制度が並行して適用されること等による課題が指摘されている。そのため、両法律が適切に接続される制度実現に向けた取組を進めていく<ins>167</ins>。",3,"「再エネ海域利用法に基づく」部分の正式名称への変換。"
192,133,"<del>①</del><ins>②</ins>環境研究・技術開発の実施体制の整備",6,"「①」から「②」への変更は内容や意味が変わるため。"
193,134,"さらに、統合イノベーション戦略推進会議等の政府全体の動向を踏まえて環境分野の研究・技術開発、実証、実装を<ins>戦略的</ins><del>戦路的</del>に実施していく。",6,"「戦略的」に変更し、文の意味が正確に伝わるようにしたため。"
194,134,"<del>②</del><ins>③</ins>科学的知見に基づく政策決定の基盤となる研究開発の推進",6,"数字の変更により、内容や意味が変わるため。"
195,135,"さらに、生物多様性の損失を止め社会変革を実現するためには、生物多様性の重要性等に対する人々の知識と関心を高め、行動の変化につなげることが不可欠であることから、<ins>地域や家庭、</ins>学校等における生物多様性を含めた環境教育の推進と、それを支える人材の育成を推進する。",6,"「地域や家庭」の追加により、対象範囲が拡大し意味が変わったため。"
196,136,"第１部第２章<ins>３</ins>３<ins>）</ins><del>（3）「参加」の促進 ：政府、市場、国民の共進化と人材育成、情報基盤整備」</del>においても述べたとおり、政府（国、地方公共団体等）、市場（企業等）、国民（市民社会、地域コミュニティを含む。）の共進化には、環境情報の充実、公開が基盤となる。このため、第２部第２章の各重点戦略においても述べられているとおり、企業の経営や活動に関する環境情報（例：気候変動や自然関連の財務情報、サプライチェーン全体でのGHG排出量）や、地域計画・国土利用に関する環境情報（例：再生可能<ins>エネルギー導入ポテンシャル</ins><del>エネルギーポテンシャル</del>・生態系情報）等について、見える化し、各主体が利用可能な形に整備する。また、これらの環境情報に加え、環境関連の統計情報については、「統計改革推進会議最終取りまとめ」（平成29年５月19日統計改革推進会議決定）及び",6,"章のタイトルと内容が変更され、意味が変わっているため。"
197,138,"法」（平成15年法律第44号）上「中間貯蔵開始後30年以内に福島県外での最終処分を完了するために必要な措置を講ずる」旨が定められており、国として責任を持って取り組んでいく。最終処分量を低減するため、国民の理解の下、政府一体となって除去土壌等の減容・再生利用等を進めることが重要であり、「中間貯蔵除去土壌等の減容・再生利用技術開発戦略」及び「工程表」に沿って、減容技術の開発・実証等を行うとともに、これらの取組の安全性等について、分かりやすい情報発信を行うなど、全国に向けた理解醸成活動を推進する。再生利用先の創出等については、関係省庁等の連携強化<ins>等により</ins><del>を図り</del>、政府一体と<ins>なった体制整備に向けた取組を進め</ins><del>なって</del>、地元の理解を得ながら具体化を推進する。さらに、福島県外での最終処分に関する調査検討･調整などを進める。",6,"「等によりを図り」から「等により体制整備に向けた取組を進め」に変更され、意味が変わっている。"
198,138,"（令和３年４月13日<ins>廃炉・汚染水・処理水対策関係閣僚等会議</ins><del>閣議</del>決定）に基づき、環境中の状況を把握し風評影響を抑制するため、客観性・透明性・信頼性を徹底した海域モニタリングを着実に実施する。",3,"「閣議」を「廃炉・汚染水・処理水対策関係閣僚等会議」に変更し、正式名称を補完。"
199,139,"<sup>168</sup>特定非常災害<ins>の被害者の権利利益の保全等を図るための特別措置に関する法律（平成８年法律第85号）第２条第１項</ins><del>：特定非常災害特別措置法第２条第1項</del>に定義される著しく異常かつ激甚な非常災害のことをいう。",3,"略称を正式名称に変換し、法律名を補完しているため。"
200,140,"<del>第4部</del><ins>第3部</ins>環境保全施策の体系",6,"部の番号変更は内容や意味に影響を与えるため。"
201,142,"電動車の導入や充電・水素充てんインフラの整備を<del>設置</del>促進するなどの道路交通をグリーン化する取組を進める。また、いわゆる誘発・転換交通が発生する可能性があることを認識しつつ、渋滞を原因とする当該区間におけるCO<sub>2</sub>の排出削減を図る渋滞対策としての幹線道路ネットワークの強化等の道路交通を適正化する取組<sup>169</sup>のほか、道路整備・管理等のライフサイクル全体の低炭素化を図り、道路施設の脱炭素化を推進する。さらに、ゼロエミッション船等の開発・導入、生産基盤構築等を支援するなどのそれら船舶の普及促進に向けた取組、水素燃料電池",6,"「設置」から「促進」への変更は、意味が異なるため内容に影響を与える。"
202,143,"<sup>170</sup>輸送量当たりのCO2排出量は、旅客では鉄道が自家用乗用車（電気自動車は除く）の約22%、貨物では鉄道が営業用貨物車の約<ins>９%</ins><del>9%</del>、船舶が営業用貨物車の約20%となっている（2021年度）。",1,"数字の表記を半角から全角に統一するフォーマットの正規化。"
203,144,"我が国の産業競争力の強みであるバリューチェーンを構成<ins>する</ins><del>し、排出量の２割を占める</del>中堅・中小企業の脱炭素化を推進するため、各地域の自治体、金融機関、経済団体等が連携して地域ぐるみで支援する体制を構築するとともに、「知る」",6,"中堅・中小企業の役割が「構成する」に変更され、意味が変わっているため。"
204,144,"地球温暖化対策推進法に定める温室効果ガス排出量の算定・報告・公表制度について、バリューチェーン全体の削減や、CCUS／カーボンリサイクル、吸収等の新たな取組の促進にもつながるよう、制度の見直し等の検討を進める。また、省エネ法・温対法・フロン法電子報告システム（EEGS）の拡充等により、<ins>報告義務のない</ins>中堅・中小企業<ins>が</ins><del>の</del>排出量算定・公表<ins>を</ins><del>がより</del>容易にできる環境を整備する。",1,"助詞の修正により文の構造を整え、読みやすくしているため。"
205,146,"国内のあらゆる主体の参画と連携を促進し、生物多様性の保全とその持続可能な利用の確保に取り組むため、多様な主体で構成される「2030生物多様性枠組実現日本会議」（J-GBF）を通じた各主体間のパートナーシップによる取組<ins>を推進する</ins><del>や、「地域における多様な主体の連携による生物の多様性の保全のための活動の促進等に関する法律」（平成22年法律第72号）に基づく地域連携保全活動に対す</del>",6,"「取組を推進する」への変更は意味に踏み込んだ変更であるため。"
206,146,"<ins>① ネイチャーポジティブ経済の実現</ins>",6,"「ネイチャーポジティブ経済の実現」という新たな内容が追加されたため。"
207,146,"<del>②生物多様性に配慮した企業活動の推進</del>",6,"内容そのものが削除されており、意味に踏み込んだ変更である。"
208,146,"<del>③</del><ins>②</ins>自然とのふれあいの推進",6,"数字の変更により内容や意味が変わっているため。"
209,148,"（白神山地・屋久島・知床・小笠原諸島・奄美大島、徳之島、沖縄島北部及び西表島）において、科学的知見に基づく順応的な保全管理を推進することにより、全人類共通の資産である世界自然遺産の顕著で普遍的な価値を将来に<ins>わたって</ins><del>渡って</del>保護するとともに、持続可能な利活用を推進し、地域活性化に貢献する。",1,"「渡って」から「わたって」への表記の統一（漢字→ひらがな）。"
210,148,"国立公園等の管理を通じて、登録された<ins>生物圏</ins><del>各生物圏</del>保存地域（ユネスコエコパーク）の適切な保全管理を推進するとともに、地元協議会への参画を通じて、持続可能な地域づくりを支援する。また、新規登録を目指す地方公共団体に対する情報提供、助言等を行う。",6,"「各生物圏」から「生物圏」への変更で意味が変わっている。"
211,150,"<ins>⑦ 民間等による場所に紐付いた活動の促進</ins>",6,"新しい活動の促進を示す内容が追加され、意味が変わっている。"
212,150,"<ins>自然共生サイトのように既に生物多様性が豊かな場所における活動に加え、管理放棄地等において生態系を回復又は創出するものも含めて、民間等による自主的な活動や地域における多様な主体が連携して行う活動を更に促進するため、「地域における生物の多様性の増進のための活動の促進等に関する法律」（令和６年法律第18号）を始めとした制度的検討を進めるとともに、それらの活動に対する各種支援を行う。</ins>",3,"法律名「地域における生物の多様性の増進のための活動の促進等に関する法律」を明記したため。"
213,150,"<del>⑦</del><ins>⑧</ins>生物多様性の状況の「見える化」",6,"変更された数字が内容や意味に影響を与えるため。"
214,150,"<del>⑧</del><ins>⑨</ins>生態系を活用した防災・減災（Eco-DRR）等の自然を活用した解決策（NbS）の推進",2,"数字の「⑧」から「⑨」への更新が行われているため。"
215,151,"我が国は、これまでに生物多様性の観点から重要度の高い海域<del>（以下「重要海域」という。）</del>を抽出しており、今後、海洋保護区の拡充とネットワーク化を推進する。30by30目標について、海域では約17％の追加的な保全が必要であり、関係省庁が連携し、持続可能な産業活動が結果として生物多様性の保全に貢献している海域をOECMとすることを検討する。また、漁業等の従来の活動に加えて今後想定される海底資源の開発、自然エネルギーの活用などの人間活動と海洋における生物多様性の保全との両立を図る。",5,"不要な括弧を削除した軽微な変更で、文の意味に影響を与えない。"
216,151,"絶滅のおそれのある野生生物の情報を的確に把握し、定期的なレッドリストの見直しを行う。「絶滅のおそれのある野生動植物の種の保存に関する法律」（平成４年法律第75号）に基づく希少野生動植物種を指定し捕獲や譲渡などを規制するほか、生息地等保護区の指定や、個体の繁殖の促進や生息地等の整備・保全などが必要と認められる種について保護増殖事業を実施する。事業の実施に当たっては生息域内保全を基本としつつ、動植物園等と連携しながら生息域外保全や野生復帰の取組を進める。また、絶滅のおそれの高い種や個体群について、生殖細胞や種子等の保存を進め、絶滅危惧種の絶滅リスクの低減と遺伝資源の確保に努める。<ins>さらに</ins><del>更に</del>、定量的な目標設定の下、生息・生育状況の改善を図り、事業を完了する事例を創出することなどにより、効果的な保全を推進する。",1,"「更に」から「さらに」への表記の統一（漢字→ひらがな）。"
217,154,"ワシントン条約に基づく絶滅のおそれのある野生生物種の<ins>保全と持続可能な利用</ins><del>保護</del>、ラムサール条約に基づく国際的に重要な湿地の保全及び<ins>賢明</ins><del>適正</del>な利用",6,"「保護」から「保全と持続可能な利用」への変更は意味が異なるため。"
218,154,"<ins>（ワイズユース）</ins>、二国間渡り鳥等保護条約や協定を通じた渡り鳥等の保全、カルタヘナ議定書に基づく遺伝子組換え生物等の使用等の規制を通じた生物多様性への影響の防止、名古屋議定書に基づく遺伝資源への適正な取得と利益配分等の国際的取組を推進する。",6,"「ワイズユース」の追加により内容が具体化され、意味が変わっている。"
219,156,"（2）<ins>資源循環のための事業者間</ins><del>動静脈</del>連携によるライフサイクル全体での徹底的な資源循環",6,"「動静脈」から「資源循環のための事業者間」に変更され、内容が変わっている。"
220,158,"<del>具体的には、動静脈連携を促進するための資源循環情報の把握や、各種デジタル技術を活用した情報基盤整備に関する施策を進める。</del>",6,"文章全体が削除され、内容が大きく変わっているため。"
221,161,"東日本大震災に伴う東京電力福島第一原子力発電所の事故により放出された放射性物質によって汚染された廃棄物及び除染等の措置に伴い発生した土壌等については、<ins>「平成二十三年三月十一日に発生した東北地方太平洋沖地震に伴う原子力発電所の事故により放出された放射性物質による環境の汚染への対処に関する特別措置法」（平成23年法律第110号。以下「放射性物質汚染対処特措法」という。）</ins><del>放射性物質汚染対処特措法</del>及び同法に基づく基本方針等に基づき、引き続き、適正かつ安全に処理を進めていく。",3,"略称を正式名称に変換し、法律名を補完しているため。"
222,161,"<ins>中間貯蔵・環境安全事業株式会社法において、中間貯蔵開始後30年以内に福島県外で最終処分を完了するために必要な措置を講ずることが明記されており、国として責任を持って取り組んでいく。「中間貯蔵除去土壌等の減容・再生利用技術開発戦略」の目標年度である2024年度に、それまでの検討結果を踏まえ、福島県外での最終処分に向けた2025年度以降の取組の進め方を示していく。再生利用先の創出等については、関係省庁等の連携強化等により、政府一体となった体制整備に向けた取組を進め、地元の理解を得ながら具体化を推進する。</ins>",3,"法律名「中間貯蔵・環境安全事業株式会社法」の明記が追加されたため。"
223,161,"<del>除去土壌等の最終処分に向けた減容に関する技術開発や、再生利用の技術的な検討などの取組や2025年度以降の最終処分の事業実施に係る調査検討・調整などの取組を、国民の理解の下、地方公共団体等の関係者と連携しつつ、政府一体となって進める。</del>",6,"文全体が削除されており、内容や意味が大きく変わっているため。"
224,162,"（平成25年法律第60号）において放射性物質に係る適用除外規定の削除が行われなかった<ins>「廃棄物の処理及び清掃に関する法律」（昭和45年法律第137号。以下</ins>",3,"法律名を正式名称で補完しているため。"
225,162,"<ins>「廃棄物処理法」という。）</ins><del>廃棄物処理法</del>、土壌汚染対策法その他の法律の取扱いについて、放射性物質汚染対処特措法の施行状況の点検結果も踏まえて検討する。",3,"略称を正式名称に補完するための変更である。"
226,165,"し、アジア地域13カ国の水環境管理に携わる行政官のネットワークであるアジア水環境パートナーシップ（WEPA）により、アジア各国との連携強化・情報共有の促進、各国の要請に基づく水環境改善プログラム（アクションプログラム）支援等を実施し、水環境ガバナンスの強化を目指す。<ins>さらに、</ins><del>更に</del>それらの情報を世界フォーラム等の場で発信し、世界の水環境改善に貢献すべく国際協力を進めていく。",1,"「更に」から「さらに」への表記の統一（漢字→ひらがな）です。"
227,165,"海洋ごみやプラスチック汚染に関する国際的な合意や野心の下、プラスチック<ins>資源循環促進法</ins><del>資源循環法</del>その他の関係法令等によるプラスチック製品の設計から廃棄物の処理に至るまでのライフサイクル全般にわたる包括的な資源循環体制の強化等とともに、海岸漂着物処理推進法等に基づき、海岸漂着物対策を総合的かつ効果的に推進する。具体的には、マイクロプラスチックを含む海洋・河川等環境中に流出したごみに関する量・分布等の実態把握や、マイクロプラスチックを含む海洋プラスチックごみによる生物・生態系への影響に関する科学的知見の集積、地方公共団体等が行う海洋ごみの回収・処理（大規模な自然災害等により大量に発生する海岸漂着物等の処理を含む。）や発生抑制対策への財政支援、地方公共団体・企業・漁業者・住民等の地域内の多様な主体の連携及び瀬戸内海での広域連携、広報活動等を通じた普及啓発等を実施する。また、海洋環境整備船を活用した漂流ごみ回収の取組を実施する。さらに、外国由来の海洋ごみへの対応も含めた国際連携として、海洋表層マイクロプラスチック等のモニタリング手法の調和、データ共有システムの整備や、アジア地域等においてプラスチックを含む海洋ごみの実態把握や発生抑制に関する協力を進める。",3,"法律名を略称から正式名称に変更しているため。"
228,167,"大気汚染の状況を全国的な視野で把握するとともに、大気保全施策の推進等に必要な基礎資料を得るため、大気汚染防止法に基づき、国及び都道府県等では常時監視を行っている。引き続き、リアルタイムに収集したデータ（速報値）を「大気汚染物質広域監視システム（そらまめくん）」により、国民に分かりやすく情報提供を行う。その他、酸性雨や黄砂、越境大気汚染の長期的な影響を把握することを目的としたモニタリング<del>や</del>、放射性物質モニタリング<ins>や、大気中のマイクロプラスチックの測定手法に係る調査</ins>を引き続き実施する。",6,"新たな調査項目の追加により、内容が具体的に変化しているため。"
229,170,"<ins>「化学物質の審査及び製造等の規制に関する法律」（昭和48年法律第117号。以下</ins>",3,"法律名を正式名称で補完しているため。"
230,170,"<ins>「</ins>化学物質審査規制法<ins>」という。）</ins>に基づく一般化学物質等のスクリーニング評価及び優先評価化学物質のリスク評価を引き続き円滑に実施するとともに、関係省の合同審議会において、進捗状況の確認及び進行管理を適切に行う。また、化学物質の評価について、欧米で研究が進む新たな評価手法（NAMs）について、我が国においても研究開発を推進し、各法令・制度における適切な活用方策を検討する。",3,"法律名「化学物質審査規制法」を明記するための補完。"
231,170,"<ins>「特定化学物質の環境への排出量の把握等及び管理の改善の促進に関する法律」（平成11年法律第86号）</ins><del>化学物質排出把握管理促進法</del>に基づくPRTR制度及びSDS制度については、最新の科学的知見や国内外の動向を踏まえた見直し及び適切な運用を通じて、事業者による化学物質の自主的管理の改善を促進し、環境の保全上の支障の未然防止",3,"法律の略称を正式名称に変換したため。"
232,171,"水銀に関する水俣条約への対応については、条約の規定事項が水銀及び水銀化合物の採掘から廃棄までライフサイクル全体にわたる広範な内容であることを踏まえ、国内において<ins>「水銀による環境の汚染の防止に関する法律」（平成27年法律第42号）</ins><del>水銀汚染防止法</del>等に基づく包括的な水銀対策を着実に推進する。",3,"略称「水銀汚染防止法」を正式名称に変換したため。"
233,171,"非意図的に生成されるダイオキシン類については、<ins>「</ins>ダイオキシン類対策特別措置法<ins>」</ins>",3,"法律名を明示するための引用符の追加。"
234,171,"<ins>（平成11年法律第105号）</ins>に基づく対策を引き続き適切に推進する。",3,"法律名を明記して出典を補完した変更です。"
235,172,"また、化学物質審査規制法に基づく既存化学物質のリスク評価を行い、リスクを生ずるおそれがあると認められるものを第２種特定化学物質に指定し、所要の処置を講じる。<del>。</del>",5,"不要な句読点の削除であり、文の意味に影響を与えない軽微な変更です。"
236,182,"このため、第２部第２章３（１）で述べた施策を推進するほか、地域脱炭素の加速化に向けた「重点対策」として、政府による財政・技術・情報支援を通じて、地方公共団体は、公営企業を含む全ての事務及び事業について、地域脱炭素の基盤となる重点対策（地域共生・ひ益型の再生可能エネルギー導入、公共施設等のZEB化、公用車における電動車の導入等）を率先して実施するとともに、企業・住民が主体となった資源循環の高度化を通じた循環経済への移行、コンパクト・プラス・ネットワーク、食料<ins>・</ins>農林水産業の生産力向上と持続性の両立等の取組を更に加速する。なお、取組の全国展開に当たっては、第２部第２章３（１）を参照。",1,"助詞「・」を追加して表記を正規化しているため。"
237,182,"加えて、地方自治体の職員等に対する、再生可能エネルギー導入等の脱炭素実現のメリットや手法等についての理解を深めるための官民研修を更に充実させる。とりわけ、令和５年度から開始した脱炭素まちづくりアドバイザー制度等の運用状況や、地方自治体をはじめとする地域の脱炭素支援のニーズを踏まえつつ、地方環境事務所、都道府県、地球温暖化防止活動推進センター等既存の組織に期待される役割・機能も検討した上で、複数の地方自治体等に対して脱炭素型の地域づくりに向けた計画策定から実行までの支援を一気通貫で行える中間支援体制の構築に向けた検討を行<ins>う</ins><del>なう</del>。",1,"誤字修正で、動詞の活用形を正しい形に直しているため。"
238,182,"地域に貢献する脱炭素事業の構築に向けては、事業可能性調査を含む地域脱炭素の計画づくり支援や、衛星情報等最新のデジタル技術も活用したREPOSとEADASの拡充・連携強化、市町村カルテ・地域経済循環分析等の情報ツールの整備・拡充を<ins>行う</ins><del>行なう</del>等、事業の構築を情報・技術面から支援する。",1,"「行なう」から「行う」への表記の統一による正規化。"
239,189,"<del>第5部</del><ins>第4部</ins>計画の効果的実施",6,"部の番号変更は内容や意味に影響を与えるため。"
240,189,"中央環境審議会は、2026年度及び2028年度において、各前年度に実施した個別策の点検結果を参照しつつ、第１部第２章において述べた今後の環境政策が果たすべき役割である「環境負荷の総量削減」「自然資本の維持、回復、充実」「環境価値の高付加価値化」「『ウェルビーイング／高い生活の質』の実現」「環境・経済・社会の統合的向上」が、各重点戦略において如何に進捗したかを把握することに力点を置いて点検を行う。また、これらの観点から、重点戦略に関連した官民の取組の優良事例のヒアリングを実施する。併せて、<ins>個別分野の重点的施策</ins><del>重点戦略を支える環境政策</del>及び環境保全施策の体系についても、各施策が進捗しているかの点検を行う。これらの結果を踏まえ、環境基本計画の総合的な進捗状況に関する報告書を作成する。",6,"「重点戦略を支える環境政策」から「個別分野の重点的施策」に変更され、内容が変わっている。"
